batch_name,session_date,session_name,user_id,rating,subjective_feedback,feedback_date
IIT Mandi iHub | Deployment and Project Integration 05 Jul 2026,"19 Sep, 2026",Cont : Building APIs with FastAPI,"286,804",5,,"19 Sep, 2026"
Deployment and Project Integration 16 Aug 2026,"19 Sep, 2026",Cont : Building APIs with FastAPI,"12,076,162",5,Excellent. Rahul is working hard to get things understand and make it easy.,"19 Sep, 2026"
Deployment and Project Integration 16 Aug 2026,"19 Sep, 2026",Cont : Building APIs with FastAPI,"11,862,397",5,,"19 Sep, 2026"
Deployment and Project Integration 16 Aug 2026,"19 Sep, 2026",Cont : Building APIs with FastAPI,"1,085,640",5,,"19 Sep, 2026"
Deployment and Project Integration 16 Aug 2026,"19 Sep, 2026",Cont : Building APIs with FastAPI,"5,938,235",5,,"19 Sep, 2026"
IBM | Deployment and Project Integration 05 Jul 2026,"19 Sep, 2026",Cont : Building APIs with FastAPI,"11,775,635",5,,"19 Sep, 2026"
IBM | Deployment and Project Integration 16 Aug 2026,"19 Sep, 2026",Cont : Building APIs with FastAPI,"11,895,751",5,,"19 Sep, 2026"
Deployment and Project Integration 16 Aug 2026,"19 Sep, 2026",Cont : Building APIs with FastAPI,"11,941,662",5,,"19 Sep, 2026"
IBM | Deployment and Project Integration 16 Aug 2026,"19 Sep, 2026",Cont : Building APIs with FastAPI,"11,991,626",5,good session for asynch vs await,"19 Sep, 2026"
Deployment and Project Integration 16 Aug 2026,"13 Sep, 2026",Building APIs with FastAPI,"11,941,662",5,,"13 Sep, 2026"
Deployment and Project Integration 16 Aug 2026,"13 Sep, 2026",Building APIs with FastAPI,"5,938,235",5,,"13 Sep, 2026"
Deployment and Project Integration 16 Aug 2026,"13 Sep, 2026",Building APIs with FastAPI,"1,085,640",5,,"14 Sep, 2026"
IBM | Deployment and Project Integration 16 Aug 2026,"13 Sep, 2026",Building APIs with FastAPI,"10,860,730",5,,"13 Sep, 2026"
IIT Mandi iHub | Deployment and Project Integration 05 Jul 2026,"13 Sep, 2026",Building APIs with FastAPI,"286,804",5,,"13 Sep, 2026"
IBM | Deployment and Project Integration 16 Aug 2026,"13 Sep, 2026",Building APIs with FastAPI,"11,484,534",5,Good Sessin,"13 Sep, 2026"
Deployment and Project Integration 16 Aug 2026,"13 Sep, 2026",Building APIs with FastAPI,"12,076,162",5,Excellent,"13 Sep, 2026"
IBM | Deployment and Project Integration 05 Jul 2026,"13 Sep, 2026",Building APIs with FastAPI,"11,650,682",5,,"13 Sep, 2026"
Deployment and Project Integration 16 Aug 2026,"12 Sep, 2026",Introduction to Deployment & LLMOps Lifecycle,"11,115,724",5,,"12 Sep, 2026"
IBM | Deployment and Project Integration 05 Jul 2026,"12 Sep, 2026",Introduction to Deployment & LLMOps Lifecycle,"11,650,682",5,,"12 Sep, 2026"
IIT Mandi iHub | Deployment and Project Integration 05 Jul 2026,"12 Sep, 2026",Introduction to Deployment & LLMOps Lifecycle,"286,804",5,,"12 Sep, 2026"
Deployment and Project Integration 16 Aug 2026,"12 Sep, 2026",Introduction to Deployment & LLMOps Lifecycle,"11,862,397",4,,"12 Sep, 2026"
Deployment and Project Integration 16 Aug 2026,"12 Sep, 2026",Introduction to Deployment & LLMOps Lifecycle,"11,941,662",5,,"12 Sep, 2026"
Deployment and Project Integration 16 Aug 2026,"12 Sep, 2026",Introduction to Deployment & LLMOps Lifecycle,"5,938,235",5,,"12 Sep, 2026"
AI Agents and Multi-Agent Systems 02 Jul 2026,"30 Aug, 2026",In-Class Project Session 3: Inventra,"12,076,162",5,,"30 Aug, 2026"
IBM | AI Agents and Multi-Agent Systems 02 Jul 2026,"30 Aug, 2026",In-Class Project Session 3: Inventra,"11,484,534",5,good,"30 Aug, 2026"
IBM | AI Agents and Multi-Agent Systems 02 Jul 2026,"30 Aug, 2026",In-Class Project Session 3: Inventra,"11,991,626",5,Good journey for SKU and Inventory project,"30 Aug, 2026"
IBM | AI Agents and Multi-Agent Systems 02 Jul 2026,"30 Aug, 2026",In-Class Project Session 3: Inventra,"11,895,751",5,,"30 Aug, 2026"
AI Agents and Multi-Agent Systems 02 Jul 2026,"30 Aug, 2026",In-Class Project Session 3: Inventra,"5,938,235",5,,"30 Aug, 2026"
AI Agents and Multi-Agent Systems 02 Jul 2026,"29 Aug, 2026",In-Class Project Session 2: Inventra,"5,938,235",5,,"29 Aug, 2026"
IBM | AI Agents and Multi-Agent Systems 02 Jul 2026,"29 Aug, 2026",In-Class Project Session 2: Inventra,"10,860,730",5,,"29 Aug, 2026"
IBM | AI Agents and Multi-Agent Systems 02 Jul 2026,"29 Aug, 2026",In-Class Project Session 2: Inventra,"11,895,751",5,,"29 Aug, 2026"
IBM | AI Agents and Multi-Agent Systems 02 Jul 2026,"29 Aug, 2026",In-Class Project Session 2: Inventra,"11,484,534",5,"Really good session, helps a lot","29 Aug, 2026"
AI Agents and Multi-Agent Systems 02 Jul 2026,"29 Aug, 2026",In-Class Project Session 2: Inventra,"12,076,162",5,,"29 Aug, 2026"
AI Agents and Multi-Agent Systems 02 Jul 2026,"29 Aug, 2026",In-Class Project Session 2: Inventra,"1,085,640",5,explained in detail about the project,"30 Aug, 2026"
AI Agents and Multi-Agent Systems 02 Jul 2026,"29 Aug, 2026",In-Class Project Session 2: Inventra,"11,862,397",5,"Good efforts to build the project.bit fast paced, request to slow down a bit. ","29 Aug, 2026"
AI Agents and Multi-Agent Systems 02 Jul 2026,"23 Aug, 2026",In-Class Project Session 1: Inventra,"5,938,235",5,,"23 Aug, 2026"
IBM | AI Agents and Multi-Agent Systems 02 Jul 2026,"23 Aug, 2026",In-Class Project Session 1: Inventra,"691,879",5,,"23 Aug, 2026"
AI Agents and Multi-Agent Systems 02 Jul 2026,"23 Aug, 2026",In-Class Project Session 1: Inventra,"1,983,221",4,,"23 Aug, 2026"
IBM | AI Agents and Multi-Agent Systems 02 Jul 2026,"23 Aug, 2026",In-Class Project Session 1: Inventra,"11,484,534",5,Nice session,"23 Aug, 2026"
AI Agents and Multi-Agent Systems 02 Jul 2026,"23 Aug, 2026",In-Class Project Session 1: Inventra,"12,076,162",5,,"23 Aug, 2026"
AI Agents and Multi-Agent Systems 02 Jul 2026,"23 Aug, 2026",In-Class Project Session 1: Inventra,"11,862,397",5,,"23 Aug, 2026"
IBM | AI Agents and Multi-Agent Systems 02 Jul 2026,"22 Aug, 2026",Agent Evaluation & Debugging,"11,991,626",4,Good learning on Observer ,"22 Aug, 2026"
AI Agents and Multi-Agent Systems 02 Jul 2026,"22 Aug, 2026",Agent Evaluation & Debugging,"11,941,662",5,,"23 Aug, 2026"
AI Agents and Multi-Agent Systems 02 Jul 2026,"22 Aug, 2026",Agent Evaluation & Debugging,"1,085,640",5,,"23 Aug, 2026"
AI Agents and Multi-Agent Systems 02 Jul 2026,"22 Aug, 2026",Agent Evaluation & Debugging,"5,938,235",5,very informative session..,"22 Aug, 2026"
AI Agents and Multi-Agent Systems 02 Jul 2026,"22 Aug, 2026",Agent Evaluation & Debugging,"11,862,397",5,,"22 Aug, 2026"
AI Agents and Multi-Agent Systems 02 Jul 2026,"22 Aug, 2026",Agent Evaluation & Debugging,"11,115,724",5,,"22 Aug, 2026"
IBM | AI Agents and Multi-Agent Systems 02 Jul 2026,"22 Aug, 2026",Agent Evaluation & Debugging,"11,484,534",5,good,"22 Aug, 2026"
AI Agents and Multi-Agent Systems 02 Jul 2026,"22 Aug, 2026",Agent Evaluation & Debugging,"12,076,162",5,,"22 Aug, 2026"
IBM | AI Agents and Multi-Agent Systems 02 Jul 2026,"16 Aug, 2026",Cont : Tool Orchestration by Building Agentic RAG,"11,991,626",4,good one RAG and Agents continued ,"16 Aug, 2026"
AI Agents and Multi-Agent Systems 02 Jul 2026,"16 Aug, 2026",Cont : Tool Orchestration by Building Agentic RAG,"11,941,662",5,,"16 Aug, 2026"
IBM | AI Agents and Multi-Agent Systems 02 Jul 2026,"16 Aug, 2026",Cont : Tool Orchestration by Building Agentic RAG,"11,895,751",5,,"16 Aug, 2026"
IBM | AI Agents and Multi-Agent Systems 02 Jul 2026,"16 Aug, 2026",Cont : Tool Orchestration by Building Agentic RAG,"11,484,534",5,good,"16 Aug, 2026"
AI Agents and Multi-Agent Systems 02 Jul 2026,"16 Aug, 2026",Cont : Tool Orchestration by Building Agentic RAG,"12,076,162",5,Excelelnt,"16 Aug, 2026"
AI Agents and Multi-Agent Systems 02 Jul 2026,"16 Aug, 2026",Cont : Tool Orchestration by Building Agentic RAG,"11,862,397",5,,"16 Aug, 2026"
IBM | AI Agents and Multi-Agent Systems 02 Jul 2026,"16 Aug, 2026",Cont : Tool Orchestration by Building Agentic RAG,"12,023,279",5,Good one,"22 Aug, 2026"
AI Agents and Multi-Agent Systems 02 Jul 2026,"9 Aug, 2026",Tool Orchestration by Building Agentic RAG,"11,115,724",5,,"9 Aug, 2026"
IBM | AI Agents and Multi-Agent Systems 02 Jul 2026,"9 Aug, 2026",Tool Orchestration by Building Agentic RAG,"11,484,534",5,Really helpfull this session.,"9 Aug, 2026"
IBM | AI Agents and Multi-Agent Systems 02 Jul 2026,"9 Aug, 2026",Tool Orchestration by Building Agentic RAG,"12,023,279",5,,"15 Aug, 2026"
IBM | AI Agents and Multi-Agent Systems 02 Jul 2026,"9 Aug, 2026",Tool Orchestration by Building Agentic RAG,"11,895,751",5,,"9 Aug, 2026"
IBM | AI Agents and Multi-Agent Systems 02 Jul 2026,"9 Aug, 2026",Tool Orchestration by Building Agentic RAG,"11,991,626",4,We are hands on sesion today. it is good for our implementation in our projects.,"9 Aug, 2026"
AI Agents and Multi-Agent Systems 02 Jul 2026,"9 Aug, 2026",Tool Orchestration by Building Agentic RAG,"1,085,640",5,,"9 Aug, 2026"
AI Agents and Multi-Agent Systems 02 Jul 2026,"9 Aug, 2026",Tool Orchestration by Building Agentic RAG,"5,938,235",5,,"9 Aug, 2026"
AI Agents and Multi-Agent Systems 02 Jul 2026,"9 Aug, 2026",Tool Orchestration by Building Agentic RAG,"11,941,662",5,,"9 Aug, 2026"
IBM | AI Agents and Multi-Agent Systems 02 Jul 2026,"9 Aug, 2026",Tool Orchestration by Building Agentic RAG,"10,860,730",5,,"9 Aug, 2026"
IBM | AI Agents and Multi-Agent Systems 02 Jul 2026,"8 Aug, 2026",Entering into Agentic Architectures,"11,484,534",5,Good,"8 Aug, 2026"
AI Agents and Multi-Agent Systems 02 Jul 2026,"8 Aug, 2026",Entering into Agentic Architectures,"12,076,162",5,,"9 Aug, 2026"
IBM | Introduction to Analytics & Excel 05 Aug 2026,"8 Aug, 2026",Prompt Engineering,"12,438,423",5,,"8 Aug, 2026"
Introduction to Analytics & Excel 05 Aug 2026,"8 Aug, 2026",Prompt Engineering,"12,908,291",4,It was good. Overall understood. I needed some more background study.,"8 Aug, 2026"
IBM | AI Agents and Multi-Agent Systems 02 Jul 2026,"8 Aug, 2026",Entering into Agentic Architectures,"12,023,279",5,"Today session was good , it is important for an architect design framework first before starting any project, RAG concepts helps a  lot to take decision ","9 Aug, 2026"
IBM | Introduction to Analytics & Excel 05 Aug 2026,"8 Aug, 2026",Prompt Engineering,"8,510,609",5,,"14 Aug, 2026"
IBM | Introduction to Analytics & Excel 05 Aug 2026,"8 Aug, 2026",Prompt Engineering,"11,006,873",4,Was so fast in last ,"8 Aug, 2026"
IBM | AI Agents and Multi-Agent Systems 02 Jul 2026,"8 Aug, 2026",Entering into Agentic Architectures,"691,879",5,,"8 Aug, 2026"
IBM | AI Agents and Multi-Agent Systems 02 Jul 2026,"8 Aug, 2026",Entering into Agentic Architectures,"11,991,626",4,"We have learned different types of RAG's and their workings. 
Great learning again..","8 Aug, 2026"
IBM | Introduction to Analytics & Excel 05 Aug 2026,"8 Aug, 2026",Prompt Engineering,"13,016,836",4,,"8 Aug, 2026"
IBM | AI Agents and Multi-Agent Systems 02 Jul 2026,"8 Aug, 2026",Entering into Agentic Architectures,"10,860,730",5,,"8 Aug, 2026"
IBM | AI Agents and Multi-Agent Systems 02 Jul 2026,"8 Aug, 2026",Entering into Agentic Architectures,"11,895,751",5,,"8 Aug, 2026"
AI Agents and Multi-Agent Systems 02 Jul 2026,"8 Aug, 2026",Entering into Agentic Architectures,"1,085,640",5,,"8 Aug, 2026"
AI Agents and Multi-Agent Systems 02 Jul 2026,"8 Aug, 2026",Entering into Agentic Architectures,"5,938,235",5,,"8 Aug, 2026"
AI Agents and Multi-Agent Systems 02 Jul 2026,"2 Aug, 2026",Cont : Intro to Langgraph,"12,076,162",5,He is amazing.,"2 Aug, 2026"
AI Agents and Multi-Agent Systems 02 Jul 2026,"2 Aug, 2026",Cont : Intro to Langgraph,"11,862,397",5,Good covering of concepts w.r.t langraph. and implementation of it.,"2 Aug, 2026"
IBM | AI Agents and Multi-Agent Systems 02 Jul 2026,"2 Aug, 2026",Cont : Intro to Langgraph,"691,879",5,,"2 Aug, 2026"
IBM | AI Agents and Multi-Agent Systems 02 Jul 2026,"2 Aug, 2026",Cont : Intro to Langgraph,"11,991,626",4,We had a good coding practice today.,"2 Aug, 2026"
AI Agents and Multi-Agent Systems 02 Jul 2026,"2 Aug, 2026",Cont : Intro to Langgraph,"5,938,235",5,,"2 Aug, 2026"
AI Agents and Multi-Agent Systems 02 Jul 2026,"2 Aug, 2026",Cont : Intro to Langgraph,"11,941,662",5,,"2 Aug, 2026"
IBM | AI Agents and Multi-Agent Systems 02 Jul 2026,"1 Aug, 2026",Intro to Langgraph,"11,895,751",5,,"1 Aug, 2026"
AI Agents and Multi-Agent Systems 02 Jul 2026,"1 Aug, 2026",Intro to Langgraph,"11,115,724",5,,"2 Aug, 2026"
AI Agents and Multi-Agent Systems 02 Jul 2026,"1 Aug, 2026",Intro to Langgraph,"2,859,890",5,,"1 Aug, 2026"
IBM | AI Agents and Multi-Agent Systems 02 Jul 2026,"1 Aug, 2026",Intro to Langgraph,"10,860,730",5,very informative session. Thanks Rahul for explaining the things so well.,"1 Aug, 2026"
AI Agents and Multi-Agent Systems 02 Jul 2026,"1 Aug, 2026",Intro to Langgraph,"5,938,235",5,,"1 Aug, 2026"
IBM | AI Agents and Multi-Agent Systems 02 Jul 2026,"1 Aug, 2026",Intro to Langgraph,"11,991,626",5,"Today we are excited and hands-on with the MCP servers, both external and internal. ","1 Aug, 2026"
IBM | AI Agents and Multi-Agent Systems 02 Jul 2026,"1 Aug, 2026",Intro to Langgraph,"691,879",5,,"1 Aug, 2026"
IBM | AI Agents and Multi-Agent Systems 02 Jul 2026,"1 Aug, 2026",Intro to Langgraph,"12,023,279",5,"Thank You... I could not able to follow the coding as i was using some ones laptop.. i will go through it definitely i will able to do it.. 
Setting up MCP servers is something good i felt ... ","1 Aug, 2026"
AI Agents and Multi-Agent Systems 02 Jul 2026,"1 Aug, 2026",Intro to Langgraph,"10,367,880",5,"good 
","1 Aug, 2026"
AI Agents and Multi-Agent Systems 02 Jul 2026,"1 Aug, 2026",Intro to Langgraph,"1,085,640",5,,"2 Aug, 2026"
AI Agents and Multi-Agent Systems 02 Jul 2026,"1 Aug, 2026",Intro to Langgraph,"12,076,162",5,,"1 Aug, 2026"
AI Agents and Multi-Agent Systems 02 Jul 2026,"1 Aug, 2026",Intro to Langgraph,"11,862,397",5,Queries answered  well.Thanks Rahul.,"1 Aug, 2026"
AI Agents and Multi-Agent Systems 02 Jul 2026,"26 Jul, 2026",AI Communication Protocols & Building an MCP Server,"11,115,724",5,,"26 Jul, 2026"
IBM | AI Agents and Multi-Agent Systems 02 Jul 2026,"26 Jul, 2026",AI Communication Protocols & Building an MCP Server,"11,484,534",5,good,"26 Jul, 2026"
AI Agents and Multi-Agent Systems 02 Jul 2026,"26 Jul, 2026",AI Communication Protocols & Building an MCP Server,"12,076,162",5,Excellent,"26 Jul, 2026"
AI Agents and Multi-Agent Systems 02 Jul 2026,"26 Jul, 2026",AI Communication Protocols & Building an MCP Server,"11,862,397",5,well paced session as compare to last session.,"26 Jul, 2026"
IBM | AI Agents and Multi-Agent Systems 02 Jul 2026,"26 Jul, 2026",AI Communication Protocols & Building an MCP Server,"10,860,730",5,,"26 Jul, 2026"
AI Agents and Multi-Agent Systems 02 Jul 2026,"26 Jul, 2026",AI Communication Protocols & Building an MCP Server,"1,085,640",5,,"26 Jul, 2026"
AI Agents and Multi-Agent Systems 02 Jul 2026,"26 Jul, 2026",AI Communication Protocols & Building an MCP Server,"5,938,235",5,,"26 Jul, 2026"
AI Agents and Multi-Agent Systems 02 Jul 2026,"26 Jul, 2026",AI Communication Protocols & Building an MCP Server,"11,941,662",5,,"26 Jul, 2026"
IBM | AI Agents and Multi-Agent Systems 02 Jul 2026,"26 Jul, 2026",AI Communication Protocols & Building an MCP Server,"11,895,751",5,,"26 Jul, 2026"
IBM | AI Agents and Multi-Agent Systems 02 Jul 2026,"26 Jul, 2026",AI Communication Protocols & Building an MCP Server,"11,991,626",5,Today is another best day we have learned MCP client-server communication. It means a lot to us.,"26 Jul, 2026"
AI Agents and Multi-Agent Systems 02 Jul 2026,"26 Jul, 2026",AI Communication Protocols & Building an MCP Server,"11,240,178",5,Good Session!!,"26 Jul, 2026"
AI Agents and Multi-Agent Systems 02 Jul 2026,"25 Jul, 2026",Three C's in Multi-Agents System,"11,959,570",5,,"25 Jul, 2026"
AI Agents and Multi-Agent Systems 02 Jul 2026,"25 Jul, 2026",Three C's in Multi-Agents System,"10,367,880",4,feels little fast ,"26 Jul, 2026"
IBM | AI Agents and Multi-Agent Systems 02 Jul 2026,"25 Jul, 2026",Three C's in Multi-Agents System,"11,991,626",4,The teaching on supervisor-based agents went well. A bit fast today to follow.,"25 Jul, 2026"
AI Agents and Multi-Agent Systems 02 Jul 2026,"25 Jul, 2026",Three C's in Multi-Agents System,"5,938,235",5,Good,"25 Jul, 2026"
AI Agents and Multi-Agent Systems 02 Jul 2026,"25 Jul, 2026",Three C's in Multi-Agents System,"2,859,890",5,,"25 Jul, 2026"
IBM | AI Agents and Multi-Agent Systems 02 Jul 2026,"25 Jul, 2026",Three C's in Multi-Agents System,"11,895,751",5,,"25 Jul, 2026"
AI Agents and Multi-Agent Systems 02 Jul 2026,"25 Jul, 2026",Three C's in Multi-Agents System,"11,941,662",5,,"25 Jul, 2026"
IBM | AI Agents and Multi-Agent Systems 02 Jul 2026,"25 Jul, 2026",Three C's in Multi-Agents System,"112,996",5,,"25 Jul, 2026"
AI Agents and Multi-Agent Systems 02 Jul 2026,"25 Jul, 2026",Three C's in Multi-Agents System,"11,862,397",4,,"25 Jul, 2026"
AI Agents and Multi-Agent Systems 02 Jul 2026,"19 Jul, 2026",Building Multi-Agent System,"11,115,724",5,,"19 Jul, 2026"
IBM | AI Agents and Multi-Agent Systems 02 Jul 2026,"19 Jul, 2026",Building Multi-Agent System,"112,996",5,,"19 Jul, 2026"
IBM | AI Agents and Multi-Agent Systems 02 Jul 2026,"19 Jul, 2026",Building Multi-Agent System,"11,484,534",5,,"19 Jul, 2026"
AI Agents and Multi-Agent Systems 02 Jul 2026,"19 Jul, 2026",Building Multi-Agent System,"12,076,162",5,,"19 Jul, 2026"
IBM | AI Agents and Multi-Agent Systems 02 Jul 2026,"19 Jul, 2026",Building Multi-Agent System,"12,023,279",5,"Good Session , need to revisit again and practice coding , could not able to to along with you .. ","19 Jul, 2026"
IBM | AI Agents and Multi-Agent Systems 02 Jul 2026,"19 Jul, 2026",Building Multi-Agent System,"11,991,626",4,Learning was difficult today.. As the problem is complicated.,"20 Jul, 2026"
AI Agents and Multi-Agent Systems 02 Jul 2026,"19 Jul, 2026",Building Multi-Agent System,"5,938,235",5,,"19 Jul, 2026"
AI Agents and Multi-Agent Systems 02 Jul 2026,"18 Jul, 2026",Intro to Multi-Agents System(MAS),"5,938,235",5,,"18 Jul, 2026"
AI Agents and Multi-Agent Systems 02 Jul 2026,"18 Jul, 2026",Intro to Multi-Agents System(MAS),"2,859,890",5,,"18 Jul, 2026"
IBM | AI Agents and Multi-Agent Systems 02 Jul 2026,"18 Jul, 2026",Intro to Multi-Agents System(MAS),"11,991,626",4,"Today, it is very much theory on AI agent architecture.  Enjoyed a lot.","18 Jul, 2026"
AI Agents and Multi-Agent Systems 02 Jul 2026,"18 Jul, 2026",Intro to Multi-Agents System(MAS),"11,240,178",5,"Good theoritical session on Multiagent systems.
The concepts Why and when we should implement multiple agents and the limitations of Single agents, the different architectures used  and how the agents share the memory etc were well explained.
The extensive reading materials provided will be very helpful.
Thank You","18 Jul, 2026"
IBM | AI Agents and Multi-Agent Systems 02 Jul 2026,"18 Jul, 2026",Intro to Multi-Agents System(MAS),"112,996",5,,"18 Jul, 2026"
AI Agents and Multi-Agent Systems 02 Jul 2026,"18 Jul, 2026",Intro to Multi-Agents System(MAS),"11,941,662",5,,"19 Jul, 2026"
AI Agents and Multi-Agent Systems 02 Jul 2026,"12 Jul, 2026",Agents Architecture & Design Patterns,"11,240,178",5,"Great Session!!

Got to learn lot of new topics today","12 Jul, 2026"
IBM | AI Agents and Multi-Agent Systems 02 Jul 2026,"12 Jul, 2026",Agents Architecture & Design Patterns,"11,991,626",5,We have learned different memory techniques and pipelines. Good session ,"12 Jul, 2026"
IBM | AI Agents and Multi-Agent Systems 02 Jul 2026,"12 Jul, 2026",Agents Architecture & Design Patterns,"441,782",5,Every concept explain in depth with exapmle and implementations.,"12 Jul, 2026"
AI Agents and Multi-Agent Systems 02 Jul 2026,"12 Jul, 2026",Agents Architecture & Design Patterns,"2,859,890",5,,"12 Jul, 2026"
IBM | AI Agents and Multi-Agent Systems 02 Jul 2026,"12 Jul, 2026",Agents Architecture & Design Patterns,"11,895,751",5,,"12 Jul, 2026"
AI Agents and Multi-Agent Systems 02 Jul 2026,"12 Jul, 2026",Agents Architecture & Design Patterns,"11,941,662",5,,"12 Jul, 2026"
IBM | AI Agents and Multi-Agent Systems 02 Jul 2026,"12 Jul, 2026",Agents Architecture & Design Patterns,"10,860,730",5,,"12 Jul, 2026"
AI Agents and Multi-Agent Systems 02 Jul 2026,"12 Jul, 2026",Agents Architecture & Design Patterns,"11,862,397",5,well paced session!!,"12 Jul, 2026"
AI Agents and Multi-Agent Systems 02 Jul 2026,"12 Jul, 2026",Agents Architecture & Design Patterns,"1,085,640",5,great explanation of concepts. ,"12 Jul, 2026"
AI Agents and Multi-Agent Systems 02 Jul 2026,"12 Jul, 2026",Agents Architecture & Design Patterns,"5,938,235",5,Good ,"12 Jul, 2026"
IBM | AI Agents and Multi-Agent Systems 02 Jul 2026,"12 Jul, 2026",Agents Architecture & Design Patterns,"10,861,432",3,I am not able to follow rahul exactly what  he is explaining,"12 Jul, 2026"
AI Agents and Multi-Agent Systems 02 Jul 2026,"12 Jul, 2026",Agents Architecture & Design Patterns,"11,115,724",5,,"12 Jul, 2026"
IBM | AI Agents and Multi-Agent Systems 02 Jul 2026,"12 Jul, 2026",Agents Architecture & Design Patterns,"112,996",5,,"12 Jul, 2026"
AI Agents and Multi-Agent Systems 02 Jul 2026,"12 Jul, 2026",Agents Architecture & Design Patterns,"10,408,027",5,,"12 Jul, 2026"
IBM | AI Agents and Multi-Agent Systems 02 Jul 2026,"12 Jul, 2026",Agents Architecture & Design Patterns,"11,484,534",5,ok,"12 Jul, 2026"
AI Agents and Multi-Agent Systems 02 Jul 2026,"12 Jul, 2026",Agents Architecture & Design Patterns,"12,076,162",5,,"12 Jul, 2026"
IBM | AI Agents and Multi-Agent Systems 02 Jul 2026,"11 Jul, 2026",Memory in AI Agents,"11,991,626",5,today we learned the agentic memory technique and Hearness Engineering. Great job,"11 Jul, 2026"
AI Agents and Multi-Agent Systems 02 Jul 2026,"11 Jul, 2026",Memory in AI Agents,"11,240,178",5,good session,"11 Jul, 2026"
IBM | AI Agents and Multi-Agent Systems 02 Jul 2026,"11 Jul, 2026",Memory in AI Agents,"12,022,789",5,,"11 Jul, 2026"
IBM | AI Agents and Multi-Agent Systems 02 Jul 2026,"11 Jul, 2026",Memory in AI Agents,"441,782",5,"Session was great in terms of learning.
","11 Jul, 2026"
AI Agents and Multi-Agent Systems 02 Jul 2026,"11 Jul, 2026",Memory in AI Agents,"11,941,662",5,,"11 Jul, 2026"
AI Agents and Multi-Agent Systems 02 Jul 2026,"11 Jul, 2026",Memory in AI Agents,"5,938,235",5,Good,"11 Jul, 2026"
IBM | AI Agents and Multi-Agent Systems 02 Jul 2026,"11 Jul, 2026",Memory in AI Agents,"10,860,730",5,,"11 Jul, 2026"
IBM | AI Agents and Multi-Agent Systems 02 Jul 2026,"11 Jul, 2026",Memory in AI Agents,"11,484,534",5,Very Nice explannation,"11 Jul, 2026"
AI Agents and Multi-Agent Systems 02 Jul 2026,"11 Jul, 2026",Memory in AI Agents,"10,408,027",5,,"11 Jul, 2026"
AI Agents and Multi-Agent Systems 02 Jul 2026,"11 Jul, 2026",Memory in AI Agents,"11,366,765",1,,"11 Jul, 2026"
AI Agents and Multi-Agent Systems 02 Jul 2026,"11 Jul, 2026",Memory in AI Agents,"11,115,724",5,,"11 Jul, 2026"
AI Agents and Multi-Agent Systems 02 Jul 2026,"11 Jul, 2026",Memory in AI Agents,"10,367,880",5,"good
","11 Jul, 2026"
AI Agents and Multi-Agent Systems 02 Jul 2026,"5 Jul, 2026",Building Blocks of AI Agents,"11,115,724",5,,"14 Jul, 2026"
AI Agents and Multi-Agent Systems 02 Jul 2026,"5 Jul, 2026",Building Blocks of AI Agents,"11,941,662",5,,"5 Jul, 2026"
AI Agents and Multi-Agent Systems 02 Jul 2026,"5 Jul, 2026",Building Blocks of AI Agents,"5,938,235",5,,"5 Jul, 2026"
IBM | AI Agents and Multi-Agent Systems 02 Jul 2026,"5 Jul, 2026",Building Blocks of AI Agents,"10,860,730",5,,"5 Jul, 2026"
AI Agents and Multi-Agent Systems 02 Jul 2026,"5 Jul, 2026",Building Blocks of AI Agents,"11,919,848",4,good,"5 Jul, 2026"
IBM | AI Agents and Multi-Agent Systems 02 Jul 2026,"5 Jul, 2026",Building Blocks of AI Agents,"11,484,534",5,ok,"5 Jul, 2026"
AI Agents and Multi-Agent Systems 02 Jul 2026,"5 Jul, 2026",Building Blocks of AI Agents,"12,076,162",5,,"5 Jul, 2026"
IBM | AI Agents and Multi-Agent Systems 02 Jul 2026,"5 Jul, 2026",Building Blocks of AI Agents,"112,996",5,,"5 Jul, 2026"
IBM | AI Agents and Multi-Agent Systems 02 Jul 2026,"4 Jul, 2026",Foundation of Agents,"11,484,534",5,Good ,"4 Jul, 2026"
AI Agents and Multi-Agent Systems 02 Jul 2026,"4 Jul, 2026",Foundation of Agents,"12,076,162",5,,"4 Jul, 2026"
IBM | AI Agents and Multi-Agent Systems 02 Jul 2026,"4 Jul, 2026",Foundation of Agents,"11,962,655",5,,"4 Jul, 2026"
IBM | AI Agents and Multi-Agent Systems 02 Jul 2026,"4 Jul, 2026",Foundation of Agents,"691,879",5,Good,"4 Jul, 2026"
IBM | AI Agents and Multi-Agent Systems 02 Jul 2026,"4 Jul, 2026",Foundation of Agents,"11,991,626",5,"Nice explanation on AI agents and workflow,","4 Jul, 2026"
IBM | AI Agents and Multi-Agent Systems 02 Jul 2026,"4 Jul, 2026",Foundation of Agents,"12,023,279",5,Good,"5 Jul, 2026"
AI Agents and Multi-Agent Systems 02 Jul 2026,"4 Jul, 2026",Foundation of Agents,"11,115,724",5,,"5 Jul, 2026"
AI Agents and Multi-Agent Systems 02 Jul 2026,"4 Jul, 2026",Foundation of Agents,"5,938,235",5,,"4 Jul, 2026"
AI Agents and Multi-Agent Systems 02 Jul 2026,"4 Jul, 2026",Foundation of Agents,"11,941,662",5,,"4 Jul, 2026"
IBM | AI Agents and Multi-Agent Systems 02 Jul 2026,"4 Jul, 2026",Foundation of Agents,"10,860,730",5,good informative session,"4 Jul, 2026"
Basics of NLP and Retrieval-Augmented Generation (RAG) 18 May 2026,"28 Jun, 2026",In-Class Project Session 3: HireFlow,"11,115,724",5,,"28 Jun, 2026"
IBM | Basics of NLP and Retrieval-Augmented Generation (RAG) 18 May 2026,"28 Jun, 2026",In-Class Project Session 3: HireFlow,"11,484,534",5,ok,"28 Jun, 2026"
Basics of NLP and Retrieval-Augmented Generation (RAG) 18 May 2026,"28 Jun, 2026",In-Class Project Session 3: HireFlow,"12,076,162",5,,"28 Jun, 2026"
Basics of NLP and Retrieval-Augmented Generation (RAG) 18 May 2026,"28 Jun, 2026",In-Class Project Session 3: HireFlow,"10,367,880",5,"session was very nice and explanatory too, suggestion if you can take revision on previous modules on Broder level before moving to next module. ","28 Jun, 2026"
Basics of NLP and Retrieval-Augmented Generation (RAG) 18 May 2026,"28 Jun, 2026",In-Class Project Session 3: HireFlow,"11,240,178",5,"Excellent  :-)                                                                                                  Todays session on Hire flow was fantastic..                                 Was able to understand the  logic on how the resumes are uploaded based on candidate ids and the  retrieval logics involved and how Fast APis are used (on high level) to host the application locally,                                                                                           Iam feeling privileged that I am part of a batch where Rahul is the Instructor where we are learning new things. Thanks Rahul !!!              Thanks Coding Ninja team for Providing great Instructors like Rahul","28 Jun, 2026"
Basics of NLP and Retrieval-Augmented Generation (RAG) 18 May 2026,"28 Jun, 2026",In-Class Project Session 3: HireFlow,"5,938,235",5,Good,"28 Jun, 2026"
Basics of NLP and Retrieval-Augmented Generation (RAG) 18 May 2026,"28 Jun, 2026",In-Class Project Session 3: HireFlow,"11,941,662",5,,"28 Jun, 2026"
Basics of NLP and Retrieval-Augmented Generation (RAG) 18 May 2026,"27 Jun, 2026",Recap - In-Class Project Session 2: HireFlow,"11,115,724",5,,"27 Jun, 2026"
IBM | Basics of NLP and Retrieval-Augmented Generation (RAG) 18 May 2026,"27 Jun, 2026",Recap - In-Class Project Session 2: HireFlow,"12,023,279",5,good,"28 Jun, 2026"
Basics of NLP and Retrieval-Augmented Generation (RAG) 18 May 2026,"27 Jun, 2026",Recap - In-Class Project Session 2: HireFlow,"11,941,662",5,,"27 Jun, 2026"
Basics of NLP and Retrieval-Augmented Generation (RAG) 18 May 2026,"27 Jun, 2026",Recap - In-Class Project Session 2: HireFlow,"12,076,162",5,,"27 Jun, 2026"
Basics of NLP and Retrieval-Augmented Generation (RAG) 18 May 2026,"27 Jun, 2026",Recap - In-Class Project Session 2: HireFlow,"5,938,235",5,Good,"27 Jun, 2026"
Basics of NLP and Retrieval-Augmented Generation (RAG) 18 May 2026,"27 Jun, 2026",Recap - In-Class Project Session 2: HireFlow,"11,240,178",5,Good Session..,"27 Jun, 2026"
IBM | Foundations of Neural Networks and Transformers [Optional] 06 May 2026,"21 Jun, 2026",Understanding Gradients,"9,614,498",5,good,"21 Jun, 2026"
IBM | Foundations of Neural Networks and Transformers [Optional] 06 May 2026,"21 Jun, 2026",Understanding Gradients,"10,860,730",5,,"21 Jun, 2026"
Foundations of Neural Networks and Transformers [Optional] 01 Apr 2026,"21 Jun, 2026",Understanding Gradients,"10,675,076",5,,"21 Jun, 2026"
Foundations of Neural Networks and Transformers [Optional] 01 Apr 2026,"21 Jun, 2026",Understanding Gradients,"10,298,052",5,,"21 Jun, 2026"
Foundations of Neural Networks and Transformers [Optional] 01 Apr 2026,"20 Jun, 2026",Calculus,"10,298,052",5,,"20 Jun, 2026"
IBM | Foundations of Neural Networks and Transformers [Optional] | Gen AI | 01 Apr'26,"20 Jun, 2026",Calculus,"10,721,323",5,,"20 Jun, 2026"
IBM | Foundations of Neural Networks and Transformers [Optional] 06 May 2026,"20 Jun, 2026",Calculus,"9,674,827",5,,"20 Jun, 2026"
Foundations of Neural Networks and Transformers [Optional] 01 Apr 2026,"20 Jun, 2026",Calculus,"10,675,076",4,,"20 Jun, 2026"
IBM | Foundations of Neural Networks and Transformers [Optional] 06 May 2026,"20 Jun, 2026",Calculus,"10,860,730",5,,"20 Jun, 2026"
Foundations of Neural Networks and Transformers [Optional] 01 Apr 2026,"20 Jun, 2026",Calculus,"10,539,958",5,,"20 Jun, 2026"
IBM | Foundations of Neural Networks and Transformers [Optional] 06 May 2026,"14 Jun, 2026",Linear Algebra - II,"3,469,082",5,,"14 Jun, 2026"
IBM | Foundations of Neural Networks and Transformers [Optional] 06 May 2026,"14 Jun, 2026",Linear Algebra - II,"8,809,463",5,this is the standard of CN course. met all expectations. thank you.,"14 Jun, 2026"
Foundations of Neural Networks and Transformers [Optional] 01 Apr 2026,"14 Jun, 2026",Linear Algebra - II,"10,675,076",5,,"14 Jun, 2026"
IBM | Foundations of Neural Networks and Transformers [Optional] 06 May 2026,"14 Jun, 2026",Linear Algebra - II,"9,674,827",5,,"14 Jun, 2026"
Foundations of Neural Networks and Transformers [Optional] 01 Apr 2026,"14 Jun, 2026",Linear Algebra - II,"10,539,958",5,,"14 Jun, 2026"
Foundations of Neural Networks and Transformers [Optional] 01 Apr 2026,"14 Jun, 2026",Linear Algebra - II,"10,454,890",5,Thanks for a good ,"14 Jun, 2026"
IBM | Foundations of Neural Networks and Transformers [Optional] 06 May 2026,"14 Jun, 2026",Linear Algebra - II,"1,541,382",4,,"15 Jun, 2026"
IBM | Foundations of Neural Networks and Transformers [Optional] | Gen AI | 01 Apr'26,"14 Jun, 2026",Linear Algebra - II,"10,639,774",5,great session.,"14 Jun, 2026"
Foundations of Neural Networks and Transformers [Optional] 01 Apr 2026,"14 Jun, 2026",Linear Algebra - II,"335,221",5,,"14 Jun, 2026"
IBM | Foundations of Neural Networks and Transformers [Optional] 06 May 2026,"14 Jun, 2026",Linear Algebra - II,"9,614,498",5,ok,"14 Jun, 2026"
IBM | Foundations of Neural Networks and Transformers [Optional] 06 May 2026,"13 Jun, 2026",Linear Algebra - I,"10,860,730",5,class was really informative. thanks,"13 Jun, 2026"
IBM | Foundations of Neural Networks and Transformers [Optional] 06 May 2026,"13 Jun, 2026",Linear Algebra - I,"8,809,463",5,"This is what actually missing in previous classes. Rahul Tiwari answered most of basic doubts, he connected all major points. I joined CN course mainly for this, But so far it was not fulfilled. I would appreciate if we get more sessions from Rahul to cover what we missing all these days. ","13 Jun, 2026"
Foundations of Neural Networks and Transformers [Optional] 01 Apr 2026,"13 Jun, 2026",Linear Algebra - I,"10,675,076",5,,"13 Jun, 2026"
IBM | Foundations of Neural Networks and Transformers [Optional] | Gen AI | 01 Apr'26,"13 Jun, 2026",Linear Algebra - I,"461,816",5,Never understood these concepts better ,"13 Jun, 2026"
Foundations of Neural Networks and Transformers [Optional] 01 Apr 2026,"13 Jun, 2026",Linear Algebra - I,"10,454,890",5,,"13 Jun, 2026"
Foundations of Neural Networks and Transformers [Optional] 01 Apr 2026,"13 Jun, 2026",Linear Algebra - I,"10,539,958",5,,"13 Jun, 2026"
IBM | Basics of NLP and Retrieval-Augmented Generation (RAG) 18 May 2026,"7 Jun, 2026",Advanced RAG Topics,"11,991,626",5,Making us more experienced in RAG now.,"7 Jun, 2026"
Basics of NLP and Retrieval-Augmented Generation (RAG) 18 May 2026,"7 Jun, 2026",Advanced RAG Topics,"11,941,662",5,,"7 Jun, 2026"
IBM | Basics of NLP and Retrieval-Augmented Generation (RAG) 18 May 2026,"7 Jun, 2026",Advanced RAG Topics,"11,895,751",5,,"7 Jun, 2026"
Basics of NLP and Retrieval-Augmented Generation (RAG) 18 May 2026,"7 Jun, 2026",Advanced RAG Topics,"5,938,235",5,Good,"7 Jun, 2026"
Basics of NLP and Retrieval-Augmented Generation (RAG) 18 May 2026,"7 Jun, 2026",Advanced RAG Topics,"11,862,397",5,,"7 Jun, 2026"
IBM | Basics of NLP and Retrieval-Augmented Generation (RAG) 18 May 2026,"7 Jun, 2026",Advanced RAG Topics,"11,484,534",5,,"7 Jun, 2026"
Basics of NLP and Retrieval-Augmented Generation (RAG) 18 May 2026,"7 Jun, 2026",Advanced RAG Topics,"12,076,162",5,,"7 Jun, 2026"
Basics of NLP and Retrieval-Augmented Generation (RAG) 18 May 2026,"7 Jun, 2026",Advanced RAG Topics,"11,115,724",5,,"7 Jun, 2026"
IBM | Basics of NLP and Retrieval-Augmented Generation (RAG) 18 May 2026,"7 Jun, 2026",Advanced RAG Topics,"691,879",5,Great Learning,"7 Jun, 2026"
Basics of NLP and Retrieval-Augmented Generation (RAG) 18 May 2026,"6 Jun, 2026",RAG using LLAMA Index,"10,367,880",5,very good explanation . Useful and in detail explanation . ,"6 Jun, 2026"
IBM | Basics of NLP and Retrieval-Augmented Generation (RAG) 18 May 2026,"6 Jun, 2026",RAG using LLAMA Index,"691,879",5,Great Session,"6 Jun, 2026"
IBM | Basics of NLP and Retrieval-Augmented Generation (RAG) 18 May 2026,"6 Jun, 2026",RAG using LLAMA Index,"11,484,534",5,,"6 Jun, 2026"
Basics of NLP and Retrieval-Augmented Generation (RAG) 18 May 2026,"6 Jun, 2026",RAG using LLAMA Index,"12,076,162",5,,"6 Jun, 2026"
Basics of NLP and Retrieval-Augmented Generation (RAG) 18 May 2026,"6 Jun, 2026",RAG using LLAMA Index,"11,115,724",5,Great stuff!,"6 Jun, 2026"
IBM | Basics of NLP and Retrieval-Augmented Generation (RAG) 18 May 2026,"6 Jun, 2026",RAG using LLAMA Index,"11,962,655",5,,"6 Jun, 2026"
Basics of NLP and Retrieval-Augmented Generation (RAG) 18 May 2026,"6 Jun, 2026",RAG using LLAMA Index,"5,938,235",5,good,"6 Jun, 2026"
Basics of NLP and Retrieval-Augmented Generation (RAG) 18 May 2026,"6 Jun, 2026",RAG using LLAMA Index,"11,862,397",5,,"6 Jun, 2026"
Basics of NLP and Retrieval-Augmented Generation (RAG) 18 May 2026,"6 Jun, 2026",RAG using LLAMA Index,"11,240,178",5,Excellent!!!,"6 Jun, 2026"
IBM | Basics of NLP and Retrieval-Augmented Generation (RAG) 18 May 2026,"6 Jun, 2026",RAG using LLAMA Index,"11,991,626",5,good practies session,"6 Jun, 2026"
Basics of NLP and Retrieval-Augmented Generation (RAG) 18 May 2026,"31 May, 2026",RAG using LangChain Framework,"12,076,162",5,,"31 May, 2026"
IBM | Basics of NLP and Retrieval-Augmented Generation (RAG) 18 May 2026,"31 May, 2026",RAG using LangChain Framework,"11,484,534",5,,"31 May, 2026"
IBM | Basics of NLP and Retrieval-Augmented Generation (RAG) 18 May 2026,"31 May, 2026",RAG using LangChain Framework,"691,879",5,,"31 May, 2026"
IBM | Basics of NLP and Retrieval-Augmented Generation (RAG) 18 May 2026,"31 May, 2026",RAG using LangChain Framework,"11,991,626",5,Good review session.,"31 May, 2026"
Basics of NLP and Retrieval-Augmented Generation (RAG) 18 May 2026,"31 May, 2026",RAG using LangChain Framework,"11,240,178",5,Todays session was in a  fast pace mode. Was not able to practice along with the session. But I am very confident that by revisiting the recordings can practice it with a clear picture. Understood the concepts at high level,"31 May, 2026"
IBM | Basics of NLP and Retrieval-Augmented Generation (RAG) 18 May 2026,"31 May, 2026",RAG using LangChain Framework,"11,539,113",5,,"31 May, 2026"
Basics of NLP and Retrieval-Augmented Generation (RAG) 18 May 2026,"31 May, 2026",RAG using LangChain Framework,"11,941,662",5,,"31 May, 2026"
Basics of NLP and Retrieval-Augmented Generation (RAG) 18 May 2026,"30 May, 2026",Building a Basic RAG Pipeline,"11,941,662",5,,"30 May, 2026"
Basics of NLP and Retrieval-Augmented Generation (RAG) 18 May 2026,"30 May, 2026",Building a Basic RAG Pipeline,"11,240,178",5,Good Session !!!,"30 May, 2026"
IBM | Basics of NLP and Retrieval-Augmented Generation (RAG) 18 May 2026,"30 May, 2026",Building a Basic RAG Pipeline,"11,991,626",4,understandable session for the old sessions extraction,"30 May, 2026"
IBM | Basics of NLP and Retrieval-Augmented Generation (RAG) 18 May 2026,"30 May, 2026",Building a Basic RAG Pipeline,"11,539,113",5,,"30 May, 2026"
IBM | Basics of NLP and Retrieval-Augmented Generation (RAG) 18 May 2026,"30 May, 2026",Building a Basic RAG Pipeline,"691,879",5,Good,"30 May, 2026"
Basics of NLP and Retrieval-Augmented Generation (RAG) 18 May 2026,"24 May, 2026",Vector Databases-II,"10,367,880",5,,"24 May, 2026"
IBM | Basics of NLP and Retrieval-Augmented Generation (RAG) 18 May 2026,"24 May, 2026",Vector Databases-II,"691,879",5,Great,"24 May, 2026"
Basics of NLP and Retrieval-Augmented Generation (RAG) 18 May 2026,"24 May, 2026",Vector Databases-II,"11,115,724",5,,"24 May, 2026"
Basics of NLP and Retrieval-Augmented Generation (RAG) 18 May 2026,"24 May, 2026",Vector Databases-II,"5,938,235",5,very knowledgable session. ,"24 May, 2026"
Basics of NLP and Retrieval-Augmented Generation (RAG) 18 May 2026,"24 May, 2026",Vector Databases-II,"11,941,662",5,,"24 May, 2026"
IBM | Basics of NLP and Retrieval-Augmented Generation (RAG) 18 May 2026,"24 May, 2026",Vector Databases-II,"11,895,751",5,,"24 May, 2026"
Basics of NLP and Retrieval-Augmented Generation (RAG) 18 May 2026,"24 May, 2026",Vector Databases-II,"12,023,611",5,,"24 May, 2026"
IBM | Basics of NLP and Retrieval-Augmented Generation (RAG) 18 May 2026,"24 May, 2026",Vector Databases-II,"11,991,626",4,good day for RAG and Vector DB.,"24 May, 2026"
IBM | Basics of NLP and Retrieval-Augmented Generation (RAG) 18 May 2026,"23 May, 2026",Vector Databases-I,"11,991,626",4,We have learned the retrieval techniques and got a good explanation ,"23 May, 2026"
Basics of NLP and Retrieval-Augmented Generation (RAG) 18 May 2026,"23 May, 2026",Vector Databases-I,"11,941,662",5,,"23 May, 2026"
Basics of NLP and Retrieval-Augmented Generation (RAG) 18 May 2026,"23 May, 2026",Vector Databases-I,"12,245,496",5,,"23 May, 2026"
Basics of NLP and Retrieval-Augmented Generation (RAG) 18 May 2026,"23 May, 2026",Vector Databases-I,"2,859,890",5,,"23 May, 2026"
Basics of NLP and Retrieval-Augmented Generation (RAG) 18 May 2026,"23 May, 2026",Vector Databases-I,"5,938,235",5,good,"23 May, 2026"
Basics of NLP and Retrieval-Augmented Generation (RAG) 18 May 2026,"23 May, 2026",Vector Databases-I,"11,862,397",4,,"23 May, 2026"
Basics of NLP and Retrieval-Augmented Generation (RAG) 18 May 2026,"23 May, 2026",Vector Databases-I,"11,115,724",5,,"23 May, 2026"
IBM | Basics of NLP and Retrieval-Augmented Generation (RAG) 18 May 2026,"23 May, 2026",Vector Databases-I,"11,939,556",5,,"23 May, 2026"
IBM | Basics of NLP and Retrieval-Augmented Generation (RAG) 18 May 2026,"23 May, 2026",Vector Databases-I,"691,879",5,Great,"23 May, 2026"
Basics of NLP and Retrieval-Augmented Generation (RAG) 18 May 2026,"17 May, 2026",Building Blocks of RAG,"5,938,235",5,,"17 May, 2026"
Basics of NLP and Retrieval-Augmented Generation (RAG) 18 May 2026,"17 May, 2026",Building Blocks of RAG,"12,095,157",5,Well explained session,"17 May, 2026"
Basics of NLP and Retrieval-Augmented Generation (RAG) 18 May 2026,"17 May, 2026",Building Blocks of RAG,"12,023,611",5,,"17 May, 2026"
IBM | Basics of NLP and Retrieval-Augmented Generation (RAG) 18 May 2026,"17 May, 2026",Building Blocks of RAG,"11,889,794",3,"towards the end we speeded up in the coding part, which was difficult to catch. I understand, due to less time, you did that, can we plan for a separate session, if we have less time.","17 May, 2026"
IBM | Basics of NLP and Retrieval-Augmented Generation (RAG) 18 May 2026,"17 May, 2026",Building Blocks of RAG,"11,895,751",5,,"17 May, 2026"
Basics of NLP and Retrieval-Augmented Generation (RAG) 18 May 2026,"17 May, 2026",Building Blocks of RAG,"11,941,662",5,,"17 May, 2026"
Basics of NLP and Retrieval-Augmented Generation (RAG) 18 May 2026,"17 May, 2026",Building Blocks of RAG,"11,240,178",5,"The concepts how PDF is split into chunks/docs,  BOW , TF-IDF,Vector representation , W2vec(Cosine similarity) etc was explained well in todays and yesterdays session Thanks for putting effort in make us understand the concepts well.  Good Teacher   :-)  ","17 May, 2026"
Basics of NLP and Retrieval-Augmented Generation (RAG) 18 May 2026,"17 May, 2026",Building Blocks of RAG,"12,035,591",5,Good,"17 May, 2026"
IBM | Basics of NLP and Retrieval-Augmented Generation (RAG) 18 May 2026,"17 May, 2026",Building Blocks of RAG,"11,991,626",4,"Today's session explanation is good, but the exercise we don't have time","17 May, 2026"
IBM | Basics of NLP and Retrieval-Augmented Generation (RAG) 18 May 2026,"17 May, 2026",Building Blocks of RAG,"691,879",5,Good,"17 May, 2026"
Basics of NLP and Retrieval-Augmented Generation (RAG) 18 May 2026,"17 May, 2026",Building Blocks of RAG,"11,115,724",5,Great Learning!,"17 May, 2026"
Basics of NLP and Retrieval-Augmented Generation (RAG) 18 May 2026,"17 May, 2026",Building Blocks of RAG,"11,919,848",5,good,"17 May, 2026"
Basics of NLP and Retrieval-Augmented Generation (RAG) 18 May 2026,"17 May, 2026",Building Blocks of RAG,"11,862,397",5,"Started with RAG for this week.Bit fast ,but rahul is trying his best for us to understand the concepts in deep which is appreciated.","17 May, 2026"
Basics of NLP and Retrieval-Augmented Generation (RAG) 18 May 2026,"16 May, 2026",Introduction to RAG & Text Representation,"12,095,157",5,,"16 May, 2026"
Basics of NLP and Retrieval-Augmented Generation (RAG) 18 May 2026,"16 May, 2026",Introduction to RAG & Text Representation,"5,938,235",5,Very good session.. The explanation of concept is good. ,"16 May, 2026"
IBM | Basics of NLP and Retrieval-Augmented Generation (RAG) 18 May 2026,"16 May, 2026",Introduction to RAG & Text Representation,"11,895,751",5,,"16 May, 2026"
Basics of NLP and Retrieval-Augmented Generation (RAG) 18 May 2026,"16 May, 2026",Introduction to RAG & Text Representation,"11,941,662",5,,"16 May, 2026"
Basics of NLP and Retrieval-Augmented Generation (RAG) 18 May 2026,"16 May, 2026",Introduction to RAG & Text Representation,"2,859,890",5,,"16 May, 2026"
Basics of NLP and Retrieval-Augmented Generation (RAG) 18 May 2026,"16 May, 2026",Introduction to RAG & Text Representation,"12,023,611",5,,"16 May, 2026"
IBM | Basics of NLP and Retrieval-Augmented Generation (RAG) 18 May 2026,"16 May, 2026",Introduction to RAG & Text Representation,"441,782",5,"Explained very well every topics.
","16 May, 2026"
IBM | Basics of NLP and Retrieval-Augmented Generation (RAG) 18 May 2026,"16 May, 2026",Introduction to RAG & Text Representation,"12,023,279",5,Nice,"17 May, 2026"
Basics of NLP and Retrieval-Augmented Generation (RAG) 18 May 2026,"16 May, 2026",Introduction to RAG & Text Representation,"12,035,591",5,Good,"16 May, 2026"
IBM | Basics of NLP and Retrieval-Augmented Generation (RAG) 18 May 2026,"16 May, 2026",Introduction to RAG & Text Representation,"11,991,626",4,"Good, starting on RAG and more mathematical","16 May, 2026"
Basics of NLP and Retrieval-Augmented Generation (RAG) 18 May 2026,"16 May, 2026",Introduction to RAG & Text Representation,"10,367,880",5,excellent explanation of each topic. ,"16 May, 2026"
Basics of NLP and Retrieval-Augmented Generation (RAG) 18 May 2026,"16 May, 2026",Introduction to RAG & Text Representation,"11,860,828",5,,"16 May, 2026"
IBM | Basics of NLP and Retrieval-Augmented Generation (RAG) 18 May 2026,"16 May, 2026",Introduction to RAG & Text Representation,"691,879",5,Great Learning,"16 May, 2026"
Basics of NLP and Retrieval-Augmented Generation (RAG) 18 May 2026,"16 May, 2026",Introduction to RAG & Text Representation,"11,115,724",5,Great Learning!!,"16 May, 2026"
Prompt Engineering and API Integration 03 Apr 2026,"9 May, 2026",In-Class Project Session 2: ScamGuard AI,"12,035,591",5,Very happy with step by step explanations.,"9 May, 2026"
Prompt Engineering and API Integration 03 Apr 2026,"9 May, 2026",In-Class Project Session 2: ScamGuard AI,"112,477",5,,"9 May, 2026"
Prompt Engineering and API Integration 03 Apr 2026,"9 May, 2026",In-Class Project Session 2: ScamGuard AI,"11,919,848",5,good,"9 May, 2026"
Prompt Engineering and API Integration 03 Apr 2026,"9 May, 2026",In-Class Project Session 2: ScamGuard AI,"11,115,724",5,Great Learning!,"9 May, 2026"
Prompt Engineering and API Integration 03 Apr 2026,"9 May, 2026",In-Class Project Session 2: ScamGuard AI,"5,938,235",5,good,"9 May, 2026"
Prompt Engineering and API Integration 03 Apr 2026,"9 May, 2026",In-Class Project Session 2: ScamGuard AI,"11,941,662",5,,"9 May, 2026"
IBM | Prompt Engineering and API Integration 03 Apr 2026,"9 May, 2026",In-Class Project Session 2: ScamGuard AI,"11,895,751",5,,"9 May, 2026"
Prompt Engineering and API Integration 03 Apr 2026,"9 May, 2026",In-Class Project Session 2: ScamGuard AI,"12,245,496",5,,"9 May, 2026"
Prompt Engineering and API Integration 03 Apr 2026,"9 May, 2026",In-Class Project Session 2: ScamGuard AI,"11,240,178",5,The Prompt engineering session as a whole was good . Eventhough I was new to AI topics I was able to understand the concepts.In some cases when I was stuck in some of the live sessions going back and referring to the recorded sessions was really helpful. The  topics  were delivered  in a way even beginners can understand it. And when it comes to implementation the programs which Rahul was teaching us was understandable code. Project part is a little bit tough though.But if we put more efforts  we can learn it.  As of whole Iam a happy,"9 May, 2026"
IBM | Prompt Engineering and API Integration 03 Apr 2026,"9 May, 2026",In-Class Project Session 2: ScamGuard AI,"11,991,626",5,"We have completed the prompt Engineering properly. Good and thanks, Rahul for your effort. Appreciated. ","9 May, 2026"
IBM | Prompt Engineering and API Integration 03 Apr 2026,"9 May, 2026",In-Class Project Session 2: ScamGuard AI,"441,782",5,"Everything was good
","9 May, 2026"
IBM | Prompt Engineering and API Integration 03 Apr 2026,"3 May, 2026",In-Class Project Session 1: ScamGuard AI,"691,879",5,Great,"3 May, 2026"
Prompt Engineering and API Integration 03 Apr 2026,"3 May, 2026",In-Class Project Session 1: ScamGuard AI,"1,983,221",4,,"3 May, 2026"
Prompt Engineering and API Integration 03 Apr 2026,"3 May, 2026",In-Class Project Session 1: ScamGuard AI,"11,919,848",5,good,"3 May, 2026"
Prompt Engineering and API Integration 03 Apr 2026,"3 May, 2026",In-Class Project Session 1: ScamGuard AI,"12,035,591",5,Awsome,"3 May, 2026"
IBM | Prompt Engineering and API Integration 03 Apr 2026,"3 May, 2026",In-Class Project Session 1: ScamGuard AI,"204,540",5,,"3 May, 2026"
IBM | Prompt Engineering and API Integration 03 Apr 2026,"3 May, 2026",In-Class Project Session 1: ScamGuard AI,"11,962,655",5,,"3 May, 2026"
Prompt Engineering and API Integration 03 Apr 2026,"3 May, 2026",In-Class Project Session 1: ScamGuard AI,"11,115,724",5,,"3 May, 2026"
Prompt Engineering and API Integration 03 Apr 2026,"3 May, 2026",In-Class Project Session 1: ScamGuard AI,"11,941,662",5,,"3 May, 2026"
IBM | Prompt Engineering and API Integration 03 Apr 2026,"3 May, 2026",In-Class Project Session 1: ScamGuard AI,"11,484,534",5,Good,"3 May, 2026"
Prompt Engineering and API Integration 03 Apr 2026,"3 May, 2026",In-Class Project Session 1: ScamGuard AI,"12,076,162",5,,"3 May, 2026"
IBM | Prompt Engineering and API Integration 03 Apr 2026,"3 May, 2026",In-Class Project Session 1: ScamGuard AI,"11,895,751",5,,"3 May, 2026"
Prompt Engineering and API Integration 03 Apr 2026,"3 May, 2026",In-Class Project Session 1: ScamGuard AI,"12,245,496",5,,"3 May, 2026"
Prompt Engineering and API Integration 03 Apr 2026,"3 May, 2026",In-Class Project Session 1: ScamGuard AI,"12,095,157",5,,"3 May, 2026"
Prompt Engineering and API Integration 03 Apr 2026,"3 May, 2026",In-Class Project Session 1: ScamGuard AI,"5,938,235",5,,"3 May, 2026"
IBM | Prompt Engineering and API Integration 03 Apr 2026,"3 May, 2026",In-Class Project Session 1: ScamGuard AI,"11,539,113",4,,"3 May, 2026"
Prompt Engineering and API Integration 03 Apr 2026,"3 May, 2026",In-Class Project Session 1: ScamGuard AI,"11,240,178",5,Good Session. Eventhough it is tough with practice we can learn,"3 May, 2026"
IBM | Prompt Engineering and API Integration 03 Apr 2026,"3 May, 2026",In-Class Project Session 1: ScamGuard AI,"11,991,626",5,"The real part of the learning started with a lot of theory, good to learn.","3 May, 2026"
IBM | Prompt Engineering and API Integration 03 Apr 2026,"2 May, 2026",Understanding and Evaluating Generative AI Outputs,"112,996",5,,"2 May, 2026"
IBM | Prompt Engineering and API Integration 03 Apr 2026,"2 May, 2026",Understanding and Evaluating Generative AI Outputs,"11,484,534",5,Good Session,"2 May, 2026"
Prompt Engineering and API Integration 03 Apr 2026,"2 May, 2026",Understanding and Evaluating Generative AI Outputs,"11,860,828",5,,"3 May, 2026"
Prompt Engineering and API Integration 03 Apr 2026,"2 May, 2026",Understanding and Evaluating Generative AI Outputs,"12,076,162",5,,"2 May, 2026"
Prompt Engineering and API Integration 03 Apr 2026,"2 May, 2026",Understanding and Evaluating Generative AI Outputs,"11,115,724",5,,"2 May, 2026"
IBM | Prompt Engineering and API Integration 03 Apr 2026,"2 May, 2026",Understanding and Evaluating Generative AI Outputs,"12,055,262",5,great session. ,"2 May, 2026"
IBM | Prompt Engineering and API Integration 03 Apr 2026,"2 May, 2026",Understanding and Evaluating Generative AI Outputs,"10,861,432",1,,"2 May, 2026"
Prompt Engineering and API Integration 03 Apr 2026,"2 May, 2026",Understanding and Evaluating Generative AI Outputs,"5,001,292",5,,"2 May, 2026"
Prompt Engineering and API Integration 03 Apr 2026,"2 May, 2026",Understanding and Evaluating Generative AI Outputs,"10,367,880",5,very nice session,"2 May, 2026"
Prompt Engineering and API Integration 03 Apr 2026,"2 May, 2026",Understanding and Evaluating Generative AI Outputs,"12,035,591",5,Good Explanation,"2 May, 2026"
Prompt Engineering and API Integration 03 Apr 2026,"2 May, 2026",Understanding and Evaluating Generative AI Outputs,"11,919,848",5,good,"2 May, 2026"
IBM | Prompt Engineering and API Integration 03 Apr 2026,"2 May, 2026",Understanding and Evaluating Generative AI Outputs,"11,991,626",5,Good session,"2 May, 2026"
Prompt Engineering and API Integration 03 Apr 2026,"2 May, 2026",Understanding and Evaluating Generative AI Outputs,"5,938,235",5,,"2 May, 2026"
IBM | Prompt Engineering and API Integration 03 Apr 2026,"2 May, 2026",Understanding and Evaluating Generative AI Outputs,"11,895,751",5,,"2 May, 2026"
Prompt Engineering and API Integration 03 Apr 2026,"2 May, 2026",Understanding and Evaluating Generative AI Outputs,"12,245,496",5,"Good explanation.
","2 May, 2026"
Prompt Engineering and API Integration 03 Apr 2026,"2 May, 2026",Understanding and Evaluating Generative AI Outputs,"11,959,570",5,,"3 May, 2026"
Prompt Engineering and API Integration 03 Apr 2026,"2 May, 2026",Understanding and Evaluating Generative AI Outputs,"11,941,662",5,,"2 May, 2026"
Prompt Engineering and API Integration 03 Apr 2026,"26 Apr, 2026",Function Calling & Tool Integration,"5,001,292",5,,"26 Apr, 2026"
IBM | Prompt Engineering and API Integration 03 Apr 2026,"26 Apr, 2026",Function Calling & Tool Integration,"112,996",5,,"26 Apr, 2026"
IBM | Prompt Engineering and API Integration 03 Apr 2026,"26 Apr, 2026",Function Calling & Tool Integration,"11,484,534",5,,"26 Apr, 2026"
Prompt Engineering and API Integration 03 Apr 2026,"26 Apr, 2026",Function Calling & Tool Integration,"11,115,724",5,,"26 Apr, 2026"
IBM | Prompt Engineering and API Integration 03 Apr 2026,"26 Apr, 2026",Function Calling & Tool Integration,"691,879",5,,"26 Apr, 2026"
Prompt Engineering and API Integration 03 Apr 2026,"26 Apr, 2026",Function Calling & Tool Integration,"1,983,221",4,,"26 Apr, 2026"
Prompt Engineering and API Integration 03 Apr 2026,"26 Apr, 2026",Function Calling & Tool Integration,"11,919,848",5,good,"26 Apr, 2026"
Prompt Engineering and API Integration 03 Apr 2026,"26 Apr, 2026",Function Calling & Tool Integration,"11,240,178",5,Excellent and Informative session. Need more time to practice,"26 Apr, 2026"
IBM | Prompt Engineering and API Integration 03 Apr 2026,"26 Apr, 2026",Function Calling & Tool Integration,"11,991,626",5,today we have learned good topic memory usage and tools usage.,"26 Apr, 2026"
Prompt Engineering and API Integration 03 Apr 2026,"26 Apr, 2026",Function Calling & Tool Integration,"12,035,591",5,Good,"26 Apr, 2026"
IBM | Prompt Engineering and API Integration 03 Apr 2026,"26 Apr, 2026",Function Calling & Tool Integration,"441,782",5,Great,"26 Apr, 2026"
IBM | Prompt Engineering and API Integration 03 Apr 2026,"26 Apr, 2026",Function Calling & Tool Integration,"11,539,113",4,,"26 Apr, 2026"
Prompt Engineering and API Integration 03 Apr 2026,"26 Apr, 2026",Function Calling & Tool Integration,"11,862,397",5,,"13 Sep, 2026"
IBM | Prompt Engineering and API Integration 03 Apr 2026,"26 Apr, 2026",Function Calling & Tool Integration,"11,895,751",5,,"26 Apr, 2026"
Prompt Engineering and API Integration 03 Apr 2026,"26 Apr, 2026",Function Calling & Tool Integration,"3,199,295",5,,"26 Apr, 2026"
Prompt Engineering and API Integration 03 Apr 2026,"26 Apr, 2026",Function Calling & Tool Integration,"12,023,611",5,,"26 Apr, 2026"
IBM | Prompt Engineering and API Integration 03 Apr 2026,"26 Apr, 2026",Function Calling & Tool Integration,"12,067,029",5,,"26 Apr, 2026"
Prompt Engineering and API Integration 03 Apr 2026,"25 Apr, 2026",Conversational Interfaces with LLMs,"5,938,235",5,good,"25 Apr, 2026"
Prompt Engineering and API Integration 03 Apr 2026,"25 Apr, 2026",Conversational Interfaces with LLMs,"11,941,662",5,,"25 Apr, 2026"
IBM | Prompt Engineering and API Integration 03 Apr 2026,"25 Apr, 2026",Conversational Interfaces with LLMs,"12,067,029",5,,"25 Apr, 2026"
IBM | Prompt Engineering and API Integration 03 Apr 2026,"25 Apr, 2026",Conversational Interfaces with LLMs,"11,895,751",5,,"25 Apr, 2026"
Prompt Engineering and API Integration 03 Apr 2026,"25 Apr, 2026",Conversational Interfaces with LLMs,"12,023,611",5,,"25 Apr, 2026"
IBM | Prompt Engineering and API Integration 03 Apr 2026,"25 Apr, 2026",Conversational Interfaces with LLMs,"11,432,197",5,,"26 Apr, 2026"
IBM | Prompt Engineering and API Integration 03 Apr 2026,"25 Apr, 2026",Conversational Interfaces with LLMs,"11,991,626",5,"Courses are taught in a proper, structured manner.","25 Apr, 2026"
Prompt Engineering and API Integration 03 Apr 2026,"25 Apr, 2026",Conversational Interfaces with LLMs,"11,240,178",5,Good Sessions. ,"25 Apr, 2026"
IBM | Prompt Engineering and API Integration 03 Apr 2026,"25 Apr, 2026",Conversational Interfaces with LLMs,"11,539,113",4,,"2 May, 2026"
Prompt Engineering and API Integration 03 Apr 2026,"25 Apr, 2026",Conversational Interfaces with LLMs,"12,035,591",5,Great Explanations,"25 Apr, 2026"
IBM | Prompt Engineering and API Integration 03 Apr 2026,"25 Apr, 2026",Conversational Interfaces with LLMs,"691,879",5,,"25 Apr, 2026"
Prompt Engineering and API Integration 03 Apr 2026,"25 Apr, 2026",Conversational Interfaces with LLMs,"11,919,848",5,good,"25 Apr, 2026"
Prompt Engineering and API Integration 03 Apr 2026,"25 Apr, 2026",Conversational Interfaces with LLMs,"11,115,724",5,,"25 Apr, 2026"
IBM | Prompt Engineering and API Integration 03 Apr 2026,"19 Apr, 2026",Advanced Handling of LLM Responses,"441,782",5,,"19 Apr, 2026"
Prompt Engineering and API Integration 03 Apr 2026,"19 Apr, 2026",Advanced Handling of LLM Responses,"3,199,295",5,,"19 Apr, 2026"
Prompt Engineering and API Integration 03 Apr 2026,"19 Apr, 2026",Advanced Handling of LLM Responses,"11,698,668",4,Today's lecture was better compared to yesterday; the speed was good.,"19 Apr, 2026"
IBM | Prompt Engineering and API Integration 03 Apr 2026,"19 Apr, 2026",Advanced Handling of LLM Responses,"11,895,751",5,,"19 Apr, 2026"
Prompt Engineering and API Integration 03 Apr 2026,"19 Apr, 2026",Advanced Handling of LLM Responses,"11,941,662",5,,"19 Apr, 2026"
Prompt Engineering and API Integration 03 Apr 2026,"19 Apr, 2026",Advanced Handling of LLM Responses,"12,023,611",5,,"19 Apr, 2026"
Prompt Engineering and API Integration 03 Apr 2026,"19 Apr, 2026",Advanced Handling of LLM Responses,"5,938,235",5,good,"19 Apr, 2026"
Prompt Engineering and API Integration 03 Apr 2026,"19 Apr, 2026",Advanced Handling of LLM Responses,"12,076,162",5,,"19 Apr, 2026"
IBM | Prompt Engineering and API Integration 03 Apr 2026,"19 Apr, 2026",Advanced Handling of LLM Responses,"112,996",5,Share notes or push to the repo before the class so that we can follow along with tthe lecture to keep a track.,"19 Apr, 2026"
Prompt Engineering and API Integration 03 Apr 2026,"19 Apr, 2026",Advanced Handling of LLM Responses,"11,115,724",5,Great Learning!,"19 Apr, 2026"
IBM | Prompt Engineering and API Integration 03 Apr 2026,"19 Apr, 2026",Advanced Handling of LLM Responses,"12,023,279",4,"Concepts are clear, but im not able  to follow the coding. Rest all are fine. Good Session","19 Apr, 2026"
IBM | Prompt Engineering and API Integration 03 Apr 2026,"19 Apr, 2026",Advanced Handling of LLM Responses,"691,879",5,great,"19 Apr, 2026"
Prompt Engineering and API Integration 03 Apr 2026,"19 Apr, 2026",Advanced Handling of LLM Responses,"12,035,591",5,Great,"19 Apr, 2026"
Prompt Engineering and API Integration 03 Apr 2026,"19 Apr, 2026",Advanced Handling of LLM Responses,"11,919,848",5,good,"19 Apr, 2026"
IBM | Prompt Engineering and API Integration 03 Apr 2026,"18 Apr, 2026",API Integration with LLMs,"11,991,626",5,good,"19 Apr, 2026"
Prompt Engineering and API Integration 03 Apr 2026,"18 Apr, 2026",API Integration with LLMs,"11,698,668",3,The lecture was too fast and switching between multiple file is geeting difficult to keep track.,"18 Apr, 2026"
IBM | Prompt Engineering and API Integration 03 Apr 2026,"18 Apr, 2026",API Integration with LLMs,"11,539,113",4,,"19 Apr, 2026"
IBM | Prompt Engineering and API Integration 03 Apr 2026,"18 Apr, 2026",API Integration with LLMs,"441,782",5,,"18 Apr, 2026"
Prompt Engineering and API Integration 03 Apr 2026,"18 Apr, 2026",API Integration with LLMs,"12,033,466",5,,"18 Apr, 2026"
Prompt Engineering and API Integration 03 Apr 2026,"18 Apr, 2026",API Integration with LLMs,"2,859,890",5,,"18 Apr, 2026"
Prompt Engineering and API Integration 03 Apr 2026,"18 Apr, 2026",API Integration with LLMs,"12,023,611",5,,"18 Apr, 2026"
IBM | Prompt Engineering and API Integration 03 Apr 2026,"18 Apr, 2026",API Integration with LLMs,"11,895,751",5,Great,"18 Apr, 2026"
Prompt Engineering and API Integration 03 Apr 2026,"18 Apr, 2026",API Integration with LLMs,"11,941,662",5,,"18 Apr, 2026"
Prompt Engineering and API Integration 03 Apr 2026,"18 Apr, 2026",API Integration with LLMs,"12,095,157",5,,"18 Apr, 2026"
Prompt Engineering and API Integration 03 Apr 2026,"18 Apr, 2026",API Integration with LLMs,"1,595,029",4,,"19 Apr, 2026"
Prompt Engineering and API Integration 03 Apr 2026,"18 Apr, 2026",API Integration with LLMs,"1,085,640",5,,"18 Apr, 2026"
Prompt Engineering and API Integration 03 Apr 2026,"18 Apr, 2026",API Integration with LLMs,"11,115,724",5,Great Session!,"18 Apr, 2026"
Prompt Engineering and API Integration 03 Apr 2026,"18 Apr, 2026",API Integration with LLMs,"11,919,848",5,good,"18 Apr, 2026"
Prompt Engineering and API Integration 03 Apr 2026,"18 Apr, 2026",API Integration with LLMs,"12,035,591",5,Good Explanation on API integration.,"18 Apr, 2026"
IBM | Prompt Engineering and API Integration 03 Apr 2026,"18 Apr, 2026",API Integration with LLMs,"112,996",5,,"18 Apr, 2026"
Prompt Engineering and API Integration 03 Apr 2026,"18 Apr, 2026",API Integration with LLMs,"12,076,162",5,,"18 Apr, 2026"
Prompt Engineering and API Integration 03 Apr 2026,"18 Apr, 2026",API Integration with LLMs,"10,367,880",5,good,"18 Apr, 2026"
IBM | Prompt Engineering and API Integration 03 Apr 2026,"18 Apr, 2026",API Integration with LLMs,"12,023,279",5,"todays class was good , i really like it, little  bit hands on also. I feel like I'm slowly entering to AI world. Thanks a lot","18 Apr, 2026"
Prompt Engineering and API Integration 03 Apr 2026,"18 Apr, 2026",API Integration with LLMs,"11,963,982",4,Little bit too fast in the coding part other than that everything fine.,"18 Apr, 2026"
IBM | Prompt Engineering and API Integration 03 Apr 2026,"18 Apr, 2026",API Integration with LLMs,"691,879",5,Great,"18 Apr, 2026"
Prompt Engineering and API Integration 03 Apr 2026,"18 Apr, 2026",API Integration with LLMs,"1,983,221",4,,"18 Apr, 2026"
Prompt Engineering and API Integration 03 Apr 2026,"12 Apr, 2026",Advanced Prompt Engineering Techniques,"6,849,574",5,,"12 Apr, 2026"
Prompt Engineering and API Integration 03 Apr 2026,"12 Apr, 2026",Advanced Prompt Engineering Techniques,"11,941,662",5,,"12 Apr, 2026"
Prompt Engineering and API Integration 03 Apr 2026,"12 Apr, 2026",Advanced Prompt Engineering Techniques,"12,023,611",5,,"12 Apr, 2026"
Prompt Engineering and API Integration 03 Apr 2026,"12 Apr, 2026",Advanced Prompt Engineering Techniques,"3,199,295",5,,"12 Apr, 2026"
Prompt Engineering and API Integration 03 Apr 2026,"12 Apr, 2026",Advanced Prompt Engineering Techniques,"11,698,668",3,The lecture was okay.,"12 Apr, 2026"
Prompt Engineering and API Integration 03 Apr 2026,"12 Apr, 2026",Advanced Prompt Engineering Techniques,"11,240,178",5,The concepts are clear. For practising the recording sessions should be available soon. For in depth understanding need to go through the recordings and need to practice. Request the team to make the recordings available ASAP,"12 Apr, 2026"
Prompt Engineering and API Integration 03 Apr 2026,"12 Apr, 2026",Advanced Prompt Engineering Techniques,"11,963,982",3,In middle of class it' s disconnected and I'm unable to reconnect again ,"12 Apr, 2026"
Prompt Engineering and API Integration 03 Apr 2026,"12 Apr, 2026",Advanced Prompt Engineering Techniques,"10,367,880",5,"good explanation of all concepts
","12 Apr, 2026"
Prompt Engineering and API Integration 03 Apr 2026,"12 Apr, 2026",Advanced Prompt Engineering Techniques,"12,035,591",5, Very Good,"12 Apr, 2026"
IBM | Prompt Engineering and API Integration 03 Apr 2026,"12 Apr, 2026",Advanced Prompt Engineering Techniques,"691,879",5,Good,"12 Apr, 2026"
Prompt Engineering and API Integration 03 Apr 2026,"12 Apr, 2026",Advanced Prompt Engineering Techniques,"112,477",5,,"12 Apr, 2026"
Prompt Engineering and API Integration 03 Apr 2026,"12 Apr, 2026",Advanced Prompt Engineering Techniques,"248,487",4,,"12 Apr, 2026"
IBM | Prompt Engineering and API Integration 03 Apr 2026,"12 Apr, 2026",Advanced Prompt Engineering Techniques,"12,055,262",5,"great session. one suggestion, can we use hand raised option to let people ask their queries. people just start talking at once. and not everyone get a fair chance to talk about their queries.","12 Apr, 2026"
IBM | Prompt Engineering and API Integration 03 Apr 2026,"12 Apr, 2026",Advanced Prompt Engineering Techniques,"11,962,655",5,,"12 Apr, 2026"
IBM | Prompt Engineering and API Integration 03 Apr 2026,"12 Apr, 2026",Advanced Prompt Engineering Techniques,"11,484,534",5,very well explained each and every topic.,"12 Apr, 2026"
Prompt Engineering and API Integration 03 Apr 2026,"12 Apr, 2026",Advanced Prompt Engineering Techniques,"12,095,157",5,Rahul is a good instructor explains everything in detail ,"13 Apr, 2026"
Prompt Engineering and API Integration 03 Apr 2026,"12 Apr, 2026",Advanced Prompt Engineering Techniques,"11,862,397",5,Topics very well orchestrated.Stiking to the content need to present.Good improvement in taking the questions later which helps to stick to the content.,"12 Apr, 2026"
IBM | Prompt Engineering and API Integration 03 Apr 2026,"12 Apr, 2026",Advanced Prompt Engineering Techniques,"112,996",4,Enforce people to use hand raise feature to ask doubts. So that they do not ask doubts out of turn,"12 Apr, 2026"
IBM | Prompt Engineering and API Integration 03 Apr 2026,"11 Apr, 2026",Basics of Prompt Engineering,"112,996",3,"I would like to raise a concern regarding the effectiveness of the current sessions. It is important to categorize candidates into technical and non-technical groups and conduct separate classes for each.

At present, a considerable amount of time is being spent on basic setup and non-technical queries. This is directly impacting the ability to address core technical doubts, which should be the primary focus of these sessions.

Without proper bifurcation, technical learners are not getting sufficient value, as deeper discussions and problem-solving are being compromised. Separating the groups would ensure more efficient use of time and provide targeted support to both categories of learners.","11 Apr, 2026"
IBM | Prompt Engineering and API Integration 03 Apr 2026,"11 Apr, 2026",Basics of Prompt Engineering,"12,067,029",5,good one,"12 Apr, 2026"
IBM | Prompt Engineering and API Integration 03 Apr 2026,"11 Apr, 2026",Basics of Prompt Engineering,"11,484,534",5,"It was a good experience, and each topic was very well explained.","11 Apr, 2026"
Prompt Engineering and API Integration 03 Apr 2026,"11 Apr, 2026",Basics of Prompt Engineering,"11,115,724",5,Excellent ! Your examples helps us to learn the concepts in a far more better way! Kudos to your hard work.,"11 Apr, 2026"
IBM | Prompt Engineering and API Integration 03 Apr 2026,"11 Apr, 2026",Basics of Prompt Engineering,"12,055,262",5,great session!,"11 Apr, 2026"
IBM | Prompt Engineering and API Integration 03 Apr 2026,"11 Apr, 2026",Basics of Prompt Engineering,"691,879",5,Good,"11 Apr, 2026"
Prompt Engineering and API Integration 03 Apr 2026,"11 Apr, 2026",Basics of Prompt Engineering,"112,477",5,,"11 Apr, 2026"
IBM | Prompt Engineering and API Integration 03 Apr 2026,"11 Apr, 2026",Basics of Prompt Engineering,"11,432,197",5,"It's an amazing session. I am able to relate the prompt engineering now in better way, specially with API. As a technical person, this session was really helpful for me to understand the work of LLM in back end. Thanks Rahul for providing detailed information in the session with practical's and real time scenarios.","11 Apr, 2026"
Prompt Engineering and API Integration 03 Apr 2026,"11 Apr, 2026",Basics of Prompt Engineering,"11,860,828",5,,"11 Apr, 2026"
Prompt Engineering and API Integration 03 Apr 2026,"11 Apr, 2026",Basics of Prompt Engineering,"11,919,848",5,,"11 Apr, 2026"
Prompt Engineering and API Integration 03 Apr 2026,"11 Apr, 2026",Basics of Prompt Engineering,"12,102,648",5,Good content ,"11 Apr, 2026"
IBM | Prompt Engineering and API Integration 03 Apr 2026,"11 Apr, 2026",Basics of Prompt Engineering,"11,539,113",4,,"12 Apr, 2026"
Prompt Engineering and API Integration 03 Apr 2026,"11 Apr, 2026",Basics of Prompt Engineering,"10,367,880",5,very good explanation of concepts .... ,"11 Apr, 2026"
IBM | Prompt Engineering and API Integration 03 Apr 2026,"11 Apr, 2026",Basics of Prompt Engineering,"11,991,626",5,Good going need to decrease the speed while configuring the codes.,"12 Apr, 2026"
IBM | Prompt Engineering and API Integration 03 Apr 2026,"11 Apr, 2026",Basics of Prompt Engineering,"12,023,279",4,Good Session,"11 Apr, 2026"
Prompt Engineering and API Integration 03 Apr 2026,"11 Apr, 2026",Basics of Prompt Engineering,"11,961,797",5,,"11 Apr, 2026"
Prompt Engineering and API Integration 03 Apr 2026,"11 Apr, 2026",Basics of Prompt Engineering,"12,035,591",5,Nice explanation,"11 Apr, 2026"
IBM | Prompt Engineering and API Integration 03 Apr 2026,"11 Apr, 2026",Basics of Prompt Engineering,"441,782",5,"Great way to cover prompt topic with exapmles
","11 Apr, 2026"
IBM | Prompt Engineering and API Integration 03 Apr 2026,"11 Apr, 2026",Basics of Prompt Engineering,"11,889,794",5,"The session was really good, with the right combination of ""starting with theoretical concepts"", followed by hands-on examples. The only thing i will suggest is little lower the speed at which we are going and add one more session if possible to cover the remaining topics, as these are important concepts, that will help us.","11 Apr, 2026"
Prompt Engineering and API Integration 03 Apr 2026,"11 Apr, 2026",Basics of Prompt Engineering,"5,938,235",4,,"11 Apr, 2026"
Prompt Engineering and API Integration 03 Apr 2026,"11 Apr, 2026",Basics of Prompt Engineering,"11,240,178",5,I was stuck in between the live class because of some errors while  trying to do coding along with the instructor.  But when I watched the recording today. the way it is explained is excellent and I am able to understand the concepts very well and able to do the coding part as well.  Thanks Rahul and team,"13 Apr, 2026"
Prompt Engineering and API Integration 03 Apr 2026,"11 Apr, 2026",Basics of Prompt Engineering,"12,095,157",5,Rahul is. a great instructor and explains everything with lot of patience and clarity.,"11 Apr, 2026"
IBM | Prompt Engineering and API Integration 03 Apr 2026,"11 Apr, 2026",Basics of Prompt Engineering,"11,895,751",5,Great Session,"11 Apr, 2026"
Prompt Engineering and API Integration 03 Apr 2026,"11 Apr, 2026",Basics of Prompt Engineering,"12,076,162",5,,"12 Apr, 2026"
Prompt Engineering and API Integration 03 Apr 2026,"11 Apr, 2026",Basics of Prompt Engineering,"3,199,295",5,informative,"11 Apr, 2026"
Prompt Engineering and API Integration 03 Apr 2026,"11 Apr, 2026",Basics of Prompt Engineering,"12,023,611",5,,"11 Apr, 2026"
IBM | Prompt Engineering and API Integration 03 Apr 2026,"11 Apr, 2026",Basics of Prompt Engineering,"2,978,550",5,ok,"11 Apr, 2026"
Prompt Engineering and API Integration 03 Apr 2026,"11 Apr, 2026",Basics of Prompt Engineering,"11,941,662",5,,"11 Apr, 2026"
Prompt Engineering and API Integration 03 Apr 2026,"8 Apr, 2026",Github and VScode Installation,"12,033,466",5,,"8 Apr, 2026"
IBM | Prompt Engineering and API Integration 03 Apr 2026,"8 Apr, 2026",Github and VScode Installation,"11,895,751",5,GreaT,"8 Apr, 2026"
IBM | Prompt Engineering and API Integration 03 Apr 2026,"8 Apr, 2026",Github and VScode Installation,"11,889,794",5,The session was helpfull to resolve the installation issues. Thanks,"8 Apr, 2026"
IBM | Prompt Engineering and API Integration 03 Apr 2026,"8 Apr, 2026",Github and VScode Installation,"11,950,783",1,"Not able to join the class
","8 Apr, 2026"
Prompt Engineering and API Integration 03 Apr 2026,"8 Apr, 2026",Github and VScode Installation,"11,941,662",5,,"8 Apr, 2026"
IBM | Prompt Engineering and API Integration 03 Apr 2026,"8 Apr, 2026",Github and VScode Installation,"691,879",5,Good,"8 Apr, 2026"
Prompt Engineering and API Integration 03 Apr 2026,"8 Apr, 2026",Github and VScode Installation,"11,919,848",5,very good session about installing and configuration. cleared every doubts,"8 Apr, 2026"
IBM | Prompt Engineering and API Integration 03 Apr 2026,"5 Apr, 2026",Overview of GenAI Platforms,"11,539,113",4,,"5 Apr, 2026"
Prompt Engineering and API Integration 03 Apr 2026,"5 Apr, 2026",Overview of GenAI Platforms,"11,959,570",4,,"5 Apr, 2026"
IBM | Prompt Engineering and API Integration 03 Apr 2026,"5 Apr, 2026",Overview of GenAI Platforms,"12,022,936",1,,"5 Apr, 2026"
Prompt Engineering and API Integration 03 Apr 2026,"5 Apr, 2026",Overview of GenAI Platforms,"11,698,668",3,I felt today's lecture was too fast for me.,"5 Apr, 2026"
Prompt Engineering and API Integration 03 Apr 2026,"5 Apr, 2026",Overview of GenAI Platforms,"11,919,848",5,,"6 Apr, 2026"
Prompt Engineering and API Integration 03 Apr 2026,"5 Apr, 2026",Overview of GenAI Platforms,"12,033,466",5,"Session was very productive.  
Trainer is very kind & helpful to attendees in solving technical challenges while setting up environment.","5 Apr, 2026"
Prompt Engineering and API Integration 03 Apr 2026,"5 Apr, 2026",Overview of GenAI Platforms,"12,041,542",5,,"5 Apr, 2026"
Prompt Engineering and API Integration 03 Apr 2026,"5 Apr, 2026",Overview of GenAI Platforms,"11,240,178",5,Todays Session was in a bit fast pace. But I was able to understand it. I will go through the recordings inorder to practice the coding part basically that was taught on training the models.Thanks for clearing the doubts,"5 Apr, 2026"
Prompt Engineering and API Integration 03 Apr 2026,"5 Apr, 2026",Overview of GenAI Platforms,"12,065,646",5,,"5 Apr, 2026"
IBM | Prompt Engineering and API Integration 03 Apr 2026,"5 Apr, 2026",Overview of GenAI Platforms,"11,991,626",5,good,"5 Apr, 2026"
Prompt Engineering and API Integration 03 Apr 2026,"5 Apr, 2026",Overview of GenAI Platforms,"2,176,893",5,,"5 Apr, 2026"
Prompt Engineering and API Integration 03 Apr 2026,"5 Apr, 2026",Overview of GenAI Platforms,"2,859,890",5,,"5 Apr, 2026"
Prompt Engineering and API Integration 03 Apr 2026,"5 Apr, 2026",Overview of GenAI Platforms,"12,023,611",5,,"5 Apr, 2026"
Prompt Engineering and API Integration 03 Apr 2026,"5 Apr, 2026",Overview of GenAI Platforms,"1,884,221",5,,"5 Apr, 2026"
Prompt Engineering and API Integration 03 Apr 2026,"5 Apr, 2026",Overview of GenAI Platforms,"12,056,421",5,,"5 Apr, 2026"
Prompt Engineering and API Integration 03 Apr 2026,"5 Apr, 2026",Overview of GenAI Platforms,"12,076,162",5,Rahul has good knowledge and able to answer questions. Hope we will learn a lot and will shift my career. ,"5 Apr, 2026"
Prompt Engineering and API Integration 03 Apr 2026,"5 Apr, 2026",Overview of GenAI Platforms,"11,941,662",5,,"5 Apr, 2026"
IBM | Prompt Engineering and API Integration 03 Apr 2026,"5 Apr, 2026",Overview of GenAI Platforms,"12,067,029",5,very nice,"5 Apr, 2026"
IBM | Prompt Engineering and API Integration 03 Apr 2026,"5 Apr, 2026",Overview of GenAI Platforms,"112,996",5,,"5 Apr, 2026"
IBM | Prompt Engineering and API Integration 03 Apr 2026,"5 Apr, 2026",Overview of GenAI Platforms,"10,861,432",3,,"5 Apr, 2026"
Prompt Engineering and API Integration 03 Apr 2026,"5 Apr, 2026",Overview of GenAI Platforms,"12,088,690",4,"Session ended without any hands-on. Also didn't find any structured learning material. Otherwise session was good,","5 Apr, 2026"
IBM | Prompt Engineering and API Integration 03 Apr 2026,"5 Apr, 2026",Overview of GenAI Platforms,"11,889,794",3,"Todays course outline was good , but I had some issues in the vs code and could not get it resolved in the call, as multiple people have these issue. we should have had a installation session before this session to  make sure all people had the installation set, as in todays session there were some executions shown for which people need the installation working","5 Apr, 2026"
Prompt Engineering and API Integration 03 Apr 2026,"5 Apr, 2026",Overview of GenAI Platforms,"248,487",4,,"5 Apr, 2026"
Prompt Engineering and API Integration 03 Apr 2026,"5 Apr, 2026",Overview of GenAI Platforms,"11,115,724",3,"The pace of the lecture is too fast! Need to be slow down,","5 Apr, 2026"
IBM | Prompt Engineering and API Integration 03 Apr 2026,"5 Apr, 2026",Overview of GenAI Platforms,"11,989,723",3,,"5 Apr, 2026"
Prompt Engineering and API Integration 03 Apr 2026,"5 Apr, 2026",Overview of GenAI Platforms,"11,862,397",4,"Today's  session was bit faster,could be due to doubts and queries and some of them were futuristic ones and in attempt to answer it,impacting the flow and content plan for the day.Request to call out and take it later.","5 Apr, 2026"
IBM | Prompt Engineering and API Integration 03 Apr 2026,"5 Apr, 2026",Overview of GenAI Platforms,"11,962,655",5,,"5 Apr, 2026"
Prompt Engineering and API Integration 03 Apr 2026,"5 Apr, 2026",Overview of GenAI Platforms,"12,035,591",5,Excellent,"5 Apr, 2026"
Prompt Engineering and API Integration 03 Apr 2026,"5 Apr, 2026",Overview of GenAI Platforms,"112,477",5,,"5 Apr, 2026"
IBM | Prompt Engineering and API Integration 03 Apr 2026,"5 Apr, 2026",Overview of GenAI Platforms,"11,432,197",5,Lecture was more practical which helpful for understanding. More clarity on LLM.,"5 Apr, 2026"
Prompt Engineering and API Integration 03 Apr 2026,"5 Apr, 2026",Overview of GenAI Platforms,"12,102,648",5,,"5 Apr, 2026"
IBM | Prompt Engineering and API Integration 03 Apr 2026,"5 Apr, 2026",Overview of GenAI Platforms,"691,879",4,Good,"5 Apr, 2026"
Prompt Engineering and API Integration 03 Apr 2026,"5 Apr, 2026",Overview of GenAI Platforms,"1,983,221",4,Good.,"5 Apr, 2026"
IBM | Prompt Engineering and API Integration 03 Apr 2026,"5 Apr, 2026",Overview of GenAI Platforms,"11,939,556",5,,"5 Apr, 2026"
Prompt Engineering and API Integration 03 Apr 2026,"5 Apr, 2026",Overview of GenAI Platforms,"11,963,982",3,,"5 Apr, 2026"
Prompt Engineering and API Integration 03 Apr 2026,"4 Apr, 2026",Foundations of Generative AI ,"12,035,591",5,It has been great learning experience with Rahul.,"4 Apr, 2026"
Prompt Engineering and API Integration 03 Apr 2026,"4 Apr, 2026",Foundations of Generative AI ,"10,846,162",4,"Session was great and very informative, useful for beginers. It will be fun when we will have some working sessions. Thanks","4 Apr, 2026"
Prompt Engineering and API Integration 03 Apr 2026,"4 Apr, 2026",Foundations of Generative AI ,"12,102,648",4,Take questions at the end/chat so that the flow of the class/topic is maintained. ,"4 Apr, 2026"
Prompt Engineering and API Integration 03 Apr 2026,"4 Apr, 2026",Foundations of Generative AI ,"11,860,828",5,,"4 Apr, 2026"
Prompt Engineering and API Integration 03 Apr 2026,"4 Apr, 2026",Foundations of Generative AI ,"11,919,848",5,,"4 Apr, 2026"
IBM | Prompt Engineering and API Integration 03 Apr 2026,"4 Apr, 2026",Foundations of Generative AI ,"11,432,197",5,"Session was really helpful to understand the concept of ML, Deep learning and LLM. The tutor is knowledgeable and responding to all the questions with example. It is amazing, this session is more practical which I can relate and understand better. Thanks Rahul for Amazing session.","4 Apr, 2026"
Prompt Engineering and API Integration 03 Apr 2026,"4 Apr, 2026",Foundations of Generative AI ,"112,477",5,Great content to start with.,"4 Apr, 2026"
IBM | Prompt Engineering and API Integration 03 Apr 2026,"4 Apr, 2026",Foundations of Generative AI ,"691,879",2,"Pls take the doubt question in end not in between of the topic because it breaks the flow of the topic going on and also I joined this program to understand Gen AI from basic to advance not to start the first lecture from advance as the instructor was explaining everything from basic but due to some candidates which already new about this topic are keep speaking in between and breaking the flow again and again due to which this is very difficult to focus on the lecture as in today lecture almost 1 hour is gone in solving the doubts in between of the topic which are not required to be discussed as it is advance level doubts. So my request is to pls keep the topic first and complete it then only take the doubts which are relevant to the topic not advance level, pls solve those advance or not relevant topic in the last of the lecture","4 Apr, 2026"
IBM | Prompt Engineering and API Integration 03 Apr 2026,"4 Apr, 2026",Foundations of Generative AI ,"10,861,432",3,,"4 Apr, 2026"
Prompt Engineering and API Integration 03 Apr 2026,"4 Apr, 2026",Foundations of Generative AI ,"248,487",5,out od,"4 Apr, 2026"
Prompt Engineering and API Integration 03 Apr 2026,"4 Apr, 2026",Foundations of Generative AI ,"11,115,724",2,Need more crowd control. Please address the doubts only once topic is finished. It is really difficult for me to understand and connect the dots if the doubts are address frequently in every 2 mins.,"4 Apr, 2026"
IBM | Prompt Engineering and API Integration 03 Apr 2026,"4 Apr, 2026",Foundations of Generative AI ,"11,989,723",4,,"4 Apr, 2026"
IBM | Prompt Engineering and API Integration 03 Apr 2026,"4 Apr, 2026",Foundations of Generative AI ,"12,055,262",5,,"4 Apr, 2026"
Prompt Engineering and API Integration 03 Apr 2026,"4 Apr, 2026",Foundations of Generative AI ,"11,997,566",5,,"4 Apr, 2026"
Prompt Engineering and API Integration 03 Apr 2026,"4 Apr, 2026",Foundations of Generative AI ,"12,076,162",5,,"4 Apr, 2026"
Prompt Engineering and API Integration 03 Apr 2026,"4 Apr, 2026",Foundations of Generative AI ,"148,464",4,Please try to keep the questions at the end as they are deviating the topics. Also it would be  better if we keep chats to the meeting host instead of the public chat .,"4 Apr, 2026"
Prompt Engineering and API Integration 03 Apr 2026,"4 Apr, 2026",Foundations of Generative AI ,"11,862,397",5,First session today and Rahul really started off well with the concepts and took loads of doubts from us with good clarification. Happy to see you in the next session with same intensity and taking us all along(new/old to AI ) journey.,"4 Apr, 2026"
IBM | Prompt Engineering and API Integration 03 Apr 2026,"4 Apr, 2026",Foundations of Generative AI ,"204,540",5,,"4 Apr, 2026"
Prompt Engineering and API Integration 03 Apr 2026,"4 Apr, 2026",Foundations of Generative AI ,"308,539",5,nice session with rahul ,"4 Apr, 2026"
Prompt Engineering and API Integration 03 Apr 2026,"4 Apr, 2026",Foundations of Generative AI ,"1,595,029",3,"Rahul is doing a fantastic job with his explanations and clearly puts 100% effort into his teaching. However, the rhythm of the class is frequently broken by a few highly active learners asking constant questions. While their curiosity is great, it often interrupts the learning flow and makes the session feel disjointed. I’d suggest implementing a dedicated Q&A slot or a ""hand-raise"" policy to keep the core lecture focused and engaging for everyone.","4 Apr, 2026"
Prompt Engineering and API Integration 03 Apr 2026,"4 Apr, 2026",Foundations of Generative AI ,"12,000,755",3,Should organize doubts session properly.,"4 Apr, 2026"
Prompt Engineering and API Integration 03 Apr 2026,"4 Apr, 2026",Foundations of Generative AI ,"12,073,106",4,,"4 Apr, 2026"
IBM | Prompt Engineering and API Integration 03 Apr 2026,"4 Apr, 2026",Foundations of Generative AI ,"11,845,318",5,very interactive,"4 Apr, 2026"
Prompt Engineering and API Integration 03 Apr 2026,"4 Apr, 2026",Foundations of Generative AI ,"2,859,890",5,,"4 Apr, 2026"
Prompt Engineering and API Integration 03 Apr 2026,"4 Apr, 2026",Foundations of Generative AI ,"2,176,893",5,veru good explanation,"4 Apr, 2026"
Prompt Engineering and API Integration 03 Apr 2026,"4 Apr, 2026",Foundations of Generative AI ,"12,023,611",5,It was a good first class,"4 Apr, 2026"
IBM | Prompt Engineering and API Integration 03 Apr 2026,"4 Apr, 2026",Foundations of Generative AI ,"11,889,794",5,"Thanks Rahul, got to know the outline of the entire course today. Looking forward. thanks","4 Apr, 2026"
IBM | Prompt Engineering and API Integration 03 Apr 2026,"4 Apr, 2026",Foundations of Generative AI ,"744,819",5,very good,"4 Apr, 2026"
IBM | Prompt Engineering and API Integration 03 Apr 2026,"4 Apr, 2026",Foundations of Generative AI ,"12,041,147",4,,"4 Apr, 2026"
Prompt Engineering and API Integration 03 Apr 2026,"4 Apr, 2026",Foundations of Generative AI ,"11,941,662",5,,"4 Apr, 2026"
IBM | Prompt Engineering and API Integration 03 Apr 2026,"4 Apr, 2026",Foundations of Generative AI ,"11,967,133",1,"The lecturer was good at teaching, but it was more of ML advanced class. I will have to think about continuing this training.","4 Apr, 2026"
Prompt Engineering and API Integration 03 Apr 2026,"4 Apr, 2026",Foundations of Generative AI ,"3,199,295",4,"The instructor should stick only to the curriculum for that specific day. if any question which is not relevant for that day or will be taught later point should not be taken on that day and can specifically mention the module when it will be taken

Good thing is that he explained everything nicely and I was able to connect the dots what he was trying to explain. That's why 4 *","4 Apr, 2026"
Prompt Engineering and API Integration 03 Apr 2026,"4 Apr, 2026",Foundations of Generative AI ,"11,698,668",5,It was a good lecture for day 1.,"4 Apr, 2026"
IBM | Prompt Engineering and API Integration 03 Apr 2026,"4 Apr, 2026",Foundations of Generative AI ,"11,895,751",5,"Overall, the class was clear and easy to follow. However, the session became difficult for newcomers during the second hour when the focus shifted to advanced questions. Additionally, some of these explanations were given in Hindi; as someone who speaks Malayalam, Tamil, and English, this made it hard to stay engaged, even if the content was advanced.

I really appreciated that the instructor adjusted the pace once it was suggested to hold Q&A until the end. Aside from those moments, it was a great session!","4 Apr, 2026"
IBM | Prompt Engineering and API Integration 03 Apr 2026,"4 Apr, 2026",Foundations of Generative AI ,"11,991,626",5,good for biginers ,"4 Apr, 2026"
Prompt Engineering and API Integration 03 Apr 2026,"4 Apr, 2026",Foundations of Generative AI ,"11,240,178",5,"The Session was very informative for beginners. Clearly explained the basics. As a beginner to AI/ML topics expecting the same pace for the next sessions too,","4 Apr, 2026"
Prompt Engineering and API Integration 03 Apr 2026,"4 Apr, 2026",Foundations of Generative AI ,"12,033,466",5,,"4 Apr, 2026"
Prompt Engineering and API Integration 03 Apr 2026,"4 Apr, 2026",Foundations of Generative AI ,"12,041,542",5,,"4 Apr, 2026"
IBM | Prompt Engineering and API Integration 03 Apr 2026,"4 Apr, 2026",Foundations of Generative AI ,"11,539,113",5,,"4 Apr, 2026"
Prompt Engineering and API Integration 03 Apr 2026,"4 Apr, 2026",Foundations of Generative AI ,"11,959,570",4,,"4 Apr, 2026"
IBM | Prompt Engineering and API Integration 03 Apr 2026,"4 Apr, 2026",Foundations of Generative AI ,"12,022,341",4,"It was nice, just a lot of interruptions in between as queries.","4 Apr, 2026"